Workbook

Sheet Overview
A2: July 2025 | F2: July 2026
B3: Revenue | C3: Nights | D3: Occupancy | G3: Revenue | H3: Nights | I3: Occupancy
A4: Tugela | B4: ='2026-7 F'!E7 -> 84001.48 | C4: ='2026-7 F'!E22 -> 14 | D4: =C4/31 -> 0.4516129 | F4: Tugela | G4: ='2026-7 F'!B7 -> 58684 | H4: ='2026-7 F'!B22 -> 9 | I4: =H4/31 -> 0.29032258
A5: Explorers Club | B5: ='2026-7 F'!Q7 -> 83212.5 | C5: ='2026-7 F'!Q22 -> 11 | D5: =C5/31 -> 0.35483871 | F5: Explorers Club | G5: ='2026-7 F'!N7 -> 30979.74 | H5: ='2026-7 F'!N22 -> 5 | I5: =H5/31 -> 0.16129032
A6: The Library | B6: ='2026-7 F'!AC7 -> 65340 | C6: ='2026-7 F'!AC22 -> 7 | D6: =C6/31 -> 0.22580645 | F6: The Library | G6: ='2026-7 F'!Z7 -> 25619.28 | H6: ='2026-7 F'!Z22 -> 4 | I6: =H6/31 -> 0.12903226
A7: Tockie's Cottage | B7: ='2026-7 F'!AO7 -> 44990 | C7: ='2026-7 F'!AO22 -> 13 | D7: =C7/31 -> 0.41935484 | F7: Tockie's Cottage | G7: ='2026-7 F'!AL7 -> 29145.22 | H7: ='2026-7 F'!AL22 -> 7 | I7: =H7/31 -> 0.22580645
A8: Kumbuk House | B8: ='2026-7 F'!BA7 -> 34133.08 | C8: ='2026-7 F'!BA22 -> 8 | D8: =C8/31 -> 0.25806452 | F8: Kumbuk House | G8: ='2026-7 F'!AX7 -> 0 | H8: ='2026-7 F'!AX22 -> 0 | I8: =H8/31 -> 0
A9: Cook's Cottage | B9: ='2026-7 F'!BM7 -> 36463.81 | C9: ='2026-7 F'!BM22 -> 10 | D9: =C9/31 -> 0.32258065 | F9: Cook's Cottage | G9: ='2026-7 F'!BJ7 -> 69148.925 | H9: ='2026-7 F'!BJ22 -> 17 | I9: =H9/31 -> 0.5483871
A11: Total | B11: =SUM(B4:B9) -> 348140.87 | C11: =SUM(C4:C9) -> 63 | D11: =C11/186 -> 0.33870968 | F11: Total | G11: =SUM(G4:G9) -> 213577.16 | H11: =SUM(H4:H9) -> 42 | I11: =H11/186 -> 0.22580645
A13: August 2025 | F13: 13 August 2026
B14: Revenue | C14: Nights | D14: Occupancy | G14: Revenue | H14: Nights | I14: Occupancy
A15: Tugela | B15: ='2026-7 F'!E8 -> 126106.36 | C15: ='2026-7 F'!E23 -> 21 | D15: =C15/31 -> 0.67741935 | F15: Tugela | G15: ='2026-7 F'!B8 -> 95953.56 | H15: ='2026-7 F'!B23 -> 13 | I15: =H15/31 -> 0.41935484
A16: Explorers Club | B16: ='2026-7 F'!Q8 -> 65215.59 | C16: ='2026-7 F'!Q23 -> 11 | D16: =C16/31 -> 0.35483871 | F16: Explorers Club | G16: ='2026-7 F'!N8 -> 62679.74 | H16: ='2026-7 F'!N23 -> 11 | I16: =H16/31 -> 0.35483871
A17: The Library | B17: ='2026-7 F'!AC8 -> 3000 | C17: ='2026-7 F'!AC23 -> 6 | D17: =C17/31 -> 0.19354839 | F17: The Library | G17: ='2026-7 F'!Z8 -> 10082.98 | H17: ='2026-7 F'!Z23 -> 2 | I17: =H17/31 -> 0.064516129
A18: Tockie's Cottage | B18: ='2026-7 F'!AO8 -> 37150 | C18: ='2026-7 F'!AO23 -> 7 | D18: =C18/31 -> 0.22580645 | F18: Tockie's Cottage | G18: ='2026-7 F'!AL8 -> 9074.68 | H18: ='2026-7 F'!AL23 -> 2 | I18: =H18/31 -> 0.064516129
A19: Kumbuk House | B19: ='2026-7 F'!BA8 -> 32080.32 | C19: ='2026-7 F'!BA23 -> 7 | D19: =C19/31 -> 0.22580645 | F19: Kumbuk House | G19: ='2026-7 F'!AX8 -> 0 | H19: ='2026-7 F'!AX23 -> 0 | I19: =H19/31 -> 0
A20: Cook's Cottage | B20: ='2026-7 F'!BM8 -> 49279.76 | C20: ='2026-7 F'!BM23 -> 15 | D20: =C20/31 -> 0.48387097 | F20: Cook's Cottage | G20: ='2026-7 F'!BJ8 -> 28264.8 | H20: ='2026-7 F'!BJ23 -> 8 | I20: =H20/31 -> 0.25806452
A22: Total | B22: =SUM(B15:B20) -> 312832.03 | C22: =SUM(C15:C20) -> 67 | D22: =C22/186 -> 0.36021505 | F22: Total | G22: =SUM(G15:G20) -> 206055.76 | H22: =SUM(H15:H20) -> 36 | I22: =H22/186 -> 0.19354839

Sheet Overall
A1: Franschhoek | 14 July 2026
B2: ='2026-7 F'!CH2 -> OTB @ 13 Aug 2026 | C2: ='2026-7 F'!CI2 -> OTB @ 30 Jul 2026 | D2: Variance | E2: Last Year Actual | F2: OTB vs LY
A3: Mar | B3: ='2026-7 F'!CH3 -> 898332 | C3: ='2026-7 F'!CI3 -> 898332 | D3: =B3-C3 -> 0 | E3: ='2026-7 F'!CK3 -> 980055.52 | F3: =B3-E3 -> -81723.52
A4: Apr | B4: ='2026-7 F'!CH4 -> 570496.93 | C4: ='2026-7 F'!CI4 -> 570496.93 | D4: =B4-C4 -> 0 | E4: ='2026-7 F'!CK4 -> 843064.17 | F4: =B4-E4 -> -272567.24
A5: May | B5: ='2026-7 F'!CH5 -> 258567.57 | C5: ='2026-7 F'!CI5 -> 258567.57 | D5: =B5-C5 -> 0 | E5: ='2026-7 F'!CK5 -> 361133.03 | F5: =B5-E5 -> -102565.46
A6: Jun | B6: ='2026-7 F'!CH6 -> 111926.77 | C6: ='2026-7 F'!CI6 -> 111926.77 | D6: =B6-C6 -> 0 | E6: ='2026-7 F'!CK6 -> 236124.58 | F6: =B6-E6 -> -124197.81
A7: Jul | B7: ='2026-7 F'!CH7 -> 213577.16 | C7: ='2026-7 F'!CI7 -> 212744.11 | D7: =B7-C7 -> 833.055 | E7: ='2026-7 F'!CK7 -> 348140.87 | F7: =B7-E7 -> -134563.71
A8: Aug | B8: ='2026-7 F'!CH8 -> 206055.76 | C8: ='2026-7 F'!CI8 -> 184336.96 | D8: =B8-C8 -> 21718.8 | E8: ='2026-7 F'!CK8 -> 312832.03 | F8: =B8-E8 -> -106776.27
A9: Sept | B9: ='2026-7 F'!CH9 -> 251828.98 | C9: ='2026-7 F'!CI9 -> 262164.58 | D9: =B9-C9 -> -10335.6 | E9: ='2026-7 F'!CK9 -> 278006.63 | F9: =B9-E9 -> -26177.65
A10: Oct | B10: ='2026-7 F'!CH10 -> 160578.46 | C10: ='2026-7 F'!CI10 -> 181249.66 | D10: =B10-C10 -> -20671.2 | E10: ='2026-7 F'!CK10 -> 610307.48 | F10: =B10-E10 -> -449729.02
A11: Nov | B11: ='2026-7 F'!CH11 -> 606454.37 | C11: ='2026-7 F'!CI11 -> 582170.18 | D11: =B11-C11 -> 24284.19 | E11: ='2026-7 F'!CK11 -> 912396.97 | F11: =B11-E11 -> -305942.6
A12: Dec | B12: ='2026-7 F'!CH12 -> 1182308.3 | C12: ='2026-7 F'!CI12 -> 1182308.3 | D12: =B12-C12 -> 0 | E12: ='2026-7 F'!CK12 -> 1216440.4 | F12: =B12-E12 -> -34132.09
A13: TOTAL | C13: =SUM(#REF!) -> #REF! | D13: =SUM(D3:D7) -> 833.055 | E13: =SUM(#REF!) -> #REF! | F13: =B13-E13 -> #REF!
A14: Room Nights | G14: Occupancy
B15: =B2 -> OTB @ 13 Aug 2026 | C15: =C2 -> OTB @ 30 Jul 2026 | D15: Variance | E15: Last Year Actual | F15: OTB vs LY | G15: =B2 -> OTB @ 13 Aug 2026 | H15: =C2 -> OTB @ 30 Jul 2026 | I15: Variance | J15: Last Year Actual | K15: OTB vs LY
A16: Jun | B16: ='2026-7 F'!CH21 -> 16 | C16: ='2026-7 F'!CI21 -> 16 | D16: =B16-C16 -> 0 | E16: ='2026-7 F'!CK21 -> 44 | F16: =B16-E16 -> -28 | G16: =B16/180 -> 0.088888889 | H16: =C16/180 -> 0.088888889 | I16: =G16-H16 -> 0 | J16: =E16/180 -> 0.24444444 | K16: =G16-J16 -> -0.15555556
A22: Jul | B22: ='2026-7 F'!CH22 -> 42 | C22: ='2026-7 F'!CI22 -> 42 | D22: =B22-C22 -> 0 | E22: ='2026-7 F'!CK22 -> 63 | F22: =B22-E22 -> -21 | G22: =B22/186 -> 0.22580645 | H22: =C22/186 -> 0.22580645 | I22: =G22-H22 -> 0 | J22: =E22/186 -> 0.33870968 | K22: =G22-J22 -> -0.11290323
A23: Aug | B23: ='2026-7 F'!CH23 -> 36 | C23: ='2026-7 F'!CI23 -> 33 | D23: =B23-C23 -> 3 | E23: ='2026-7 F'!CK23 -> 67 | F23: =B23-E23 -> -31 | G23: =B23/186 -> 0.19354839 | H23: =C23/186 -> 0.17741935 | I23: =G23-H23 -> 0.016129032 | J23: =E23/186 -> 0.36021505 | K23: =G23-J23 -> -0.16666667
A24: Sept | B24: ='2026-7 F'!CH24 -> 45 | C24: ='2026-7 F'!CI24 -> 46 | D24: =B24-C24 -> -1 | E24: ='2026-7 F'!CK24 -> 60 | F24: =B24-E24 -> -15 | G24: =B24/180 -> 0.25 | H24: =C24/180 -> 0.25555556 | I24: =G24-H24 -> -0.0055555556 | J24: =E24/180 -> 0.33333333 | K24: =G24-J24 -> -0.083333333
A25: Oct | B25: ='2026-7 F'!CH25 -> 20 | C25: ='2026-7 F'!CI25 -> 22 | D25: =B25-C25 -> -2 | E25: ='2026-7 F'!CK25 -> 72 | F25: =B25-E25 -> -52 | G25: =B25/186 -> 0.10752688 | H25: =C25/186 -> 0.11827957 | I25: =G25-H25 -> -0.010752688 | J25: =E25/186 -> 0.38709677 | K25: =G25-J25 -> -0.27956989
A26: Nov | B26: ='2026-7 F'!CH26 -> 80 | C26: ='2026-7 F'!CI26 -> 77 | D26: =B26-C26 -> 3 | E26: ='2026-7 F'!CK26 -> 115 | F26: =B26-E26 -> -35 | G26: =B26/180 -> 0.44444444 | H26: =C26/180 -> 0.42777778 | I26: =G26-H26 -> 0.016666667 | J26: =E26/180 -> 0.63888889 | K26: =G26-J26 -> -0.19444444
A27: Nov | B27: ='2026-7 F'!CH27 -> 129 | C27: ='2026-7 F'!CI27 -> 124 | D27: =B27-C27 -> 5 | E27: ='2026-7 F'!CK27 -> 137 | F27: =B27-E27 -> -8 | G27: =B27/186 -> 0.69354839 | H27: =C27/186 -> 0.66666667 | I27: =G27-H27 -> 0.02688172 | J27: =E27/186 -> 0.73655914 | K27: =G27-J27 -> -0.043010753
A28: ADR
B29: =B2 -> OTB @ 13 Aug 2026 | C29: =C2 -> OTB @ 30 Jul 2026 | D29: Variance | E29: Last Year Actual | F29: OTB vs LY
A30: Jun | B30: =#REF!/B16 -> #REF! | C30: =#REF!/C16 -> #REF! | D30: =B30-C30 -> #REF! | E30: =#REF!/E16 -> #REF! | F30: =B30-E30 -> #REF! | H30: Franschhoek properties only, excludes Willow Point
A36: Jul | B36: =B7/B22 -> 5085.1706 | C36: =C7/C22 -> 5065.336 | D36: =B36-C36 -> 19.834643 | E36: =E7/E22 -> 5526.0456 | F36: =B36-E36 -> -440.87496
A37: Aug | B37: =B8/B23 -> 5723.7711 | C37: =C8/C23 -> 5585.9685 | D37: =B37-C37 -> 137.80263 | E37: =E8/E23 -> 4669.1348 | F37: =B37-E37 -> 1054.6363
A38: Sept | B38: =B9/B24 -> 5596.1996 | C38: =C9/C24 -> 5699.23 | D38: =B38-C38 -> -103.03044 | E38: =E9/E24 -> 4633.4438 | F38: =B38-E38 -> 962.75572
A39: Oct | B39: =B10/B25 -> 8028.923 | C39: =C10/C25 -> 8238.6209 | D39: =B39-C39 -> -209.69791 | E39: =E10/E25 -> 8476.4928 | F39: =B39-E39 -> -447.56978
A40: Nov | B40: =B11/B26 -> 7580.6796 | C40: =C11/C26 -> 7560.6517 | D40: =B40-C40 -> 20.027937 | E40: =E11/E26 -> 7933.8867 | F40: =B40-E40 -> -353.20707
A41: Dec | B41: =B12/B27 -> 9165.1804 | C41: =C12/C27 -> 9534.7441 | D41: =B41-C41 -> -369.56373 | E41: =E12/E27 -> 8879.1267 | F41: =B41-E41 -> 286.05367

Sheet 2025-6 F
A1: Tugela | Finacial Year | 2025/26 | L1: Explorer's Club | Finacial Year | 2025/26 | W1: The Library | Finacial Year | 2025/26 | AH1: Tockie's Cottage | Finacial Year | 2025/26 | AS1: Kumbuk House | Finacial Year | 2025/26 | BD1: Cook's Cottage | Finacial Year | 2025/26 | BO1: Franschhoek | Financial Year | 2025/26
B2: OTB @ 17 Mar 2026 | C2: OTB @ 2 Mar 2026 | D2: Variance | E2: Previous FY | F2: OTB vs PY | M2: OTB @ 17 Mar 2026 | N2: OTB @ 2 Mar 2026 | O2: Variance | P2: Previous FY | Q2: OTB vs PY | X2: OTB @ 17 Mar 2026 | Y2: OTB @ 2 Mar 2026 | Z2: Variance | AA2: Previous FY | AB2: OTB vs PY | AI2: OTB @ 17 Mar 2026 | AJ2: OTB @ 2 Mar 2026 | AK2: Variance | AL2: Previous FY | AM2: OTB vs PY | AT2: OTB @ 17 Mar 2026 | AU2: OTB @ 2 Mar 2026 | AV2: Variance | AW2: Previous FY | AX2: OTB vs PY | BE2: OTB @ 17 Mar 2026 | BF2: OTB @ 2 Mar 2026 | BG2: Variance | BH2: Previous FY | BI2: OTB vs PY | BP2: OTB @ 17 Mar 2026 | BQ2: OTB @ 2 Mar 2026 | BR2: Variance | BS2: Previous FY | BT2: OTB vs PY
A3: Mar-25 | B3: 275157.56 | C3: 275157.56 | D3: =B3-C3 -> 0 | E3: 219376.63 | F3: =C3-E3 -> 55780.93 | L3: Mar-25 | M3: 214300 | N3: 214300 | O3: =M3-N3 -> 0 | P3: 135505 | Q3: =N3-P3 -> 78795 | W3: Mar-25 | X3: 169354 | Y3: 169354 | Z3: =X3-Y3 -> 0 | AA3: 75000 | AB3: =Y3-AA3 -> 94354 | AH3: Mar-25 | AI3: 136700 | AJ3: 136700 | AK3: =AI3-AJ3 -> 0 | AL3: 144524.97 | AM3: =AJ3-AL3 -> -7824.97 | AS3: Mar-25 | AT3: 42900 | AU3: 42900 | AV3: =AT3-AU3 -> 0 | AW3: 104906.37 | AX3: =AU3-AW3 -> -62006.37 | BD3: Mar-25 | BE3: 130393.96 | BF3: 130393.96 | BG3: =BE3-BF3 -> 0 | BH3: 102303.12 | BI3: =BF3-BH3 -> 28090.84 | BO3: Mar-25 | BP3: =B3+M3+X3+AI3+AT3+BE3 -> 968805.52 | BQ3: =C3+N3+Y3+AJ3+AU3+BF3 -> 968805.52 | BR3: =BP3-BQ3 -> 0 | BS3: =E3+P3+AA3+AL3+AW3+BH3 -> 781616.09 | BT3: =BQ3-BS3 -> 187189.43
A4: Apr-25 | B4: 228600 | C4: 228600 | D4: =B4-C4 -> 0 | E4: 154046.09 | F4: =C4-E4 -> 74553.91 | L4: Apr-25 | M4: 226776.92 | N4: 226776.92 | O4: =M4-N4 -> 0 | P4: 118397.85 | Q4: =N4-P4 -> 108379.07 | W4: Apr-25 | X4: 25946.25 | Y4: 25946.25 | Z4: =X4-Y4 -> 0 | AA4: 75000 | AB4: =Y4-AA4 -> -49053.75 | AH4: Apr-25 | AI4: 146841.43 | AJ4: 146841.43 | AK4: =AI4-AJ4 -> 0 | AL4: 77489.28 | AM4: =AJ4-AL4 -> 69352.15 | AS4: Apr-25 | AT4: 92760.24 | AU4: 92760.24 | AV4: =AT4-AU4 -> 0 | AW4: 56836.47 | AX4: =AU4-AW4 -> 35923.77 | BD4: Apr-25 | BE4: 111633.39 | BF4: 111633.39 | BG4: =BE4-BF4 -> 0 | BH4: 46277.29 | BI4: =BF4-BH4 -> 65356.1 | BO4: Apr-25 | BP4: =B4+M4+X4+AI4+AT4+BE4 -> 832558.23 | BQ4: =C4+N4+Y4+AJ4+AU4+BF4 -> 832558.23 | BR4: =BP4-BQ4 -> 0 | BS4: =E4+P4+AA4+AL4+AW4+BH4 -> 528046.98 | BT4: =BQ4-BS4 -> 304511.25
A5: May-25 | B5: 122925 | C5: 122925 | D5: =B5-C5 -> 0 | E5: 87739.56 | F5: =C5-E5 -> 35185.44 | L5: May-25 | M5: 68358.34 | N5: 68358.34 | O5: =M5-N5 -> 0 | P5: 66476.01 | Q5: =N5-P5 -> 1882.33 | W5: May-25 | X5: 43065 | Y5: 43065 | Z5: =X5-Y5 -> 0 | AA5: 39000 | AB5: =Y5-AA5 -> 4065 | AH5: May-25 | AI5: 46125.75 | AJ5: 46125.75 | AK5: =AI5-AJ5 -> 0 | AL5: 26100 | AM5: =AJ5-AL5 -> 20025.75 | AS5: May-25 | AT5: 19710.9 | AU5: 19710.9 | AV5: =AT5-AU5 -> 0 | AW5: 35065.26 | AX5: =AU5-AW5 -> -15354.36 | BD5: May-25 | BE5: 60948.04 | BF5: 60948.04 | BG5: =BE5-BF5 -> 0 | BH5: 7367.09 | BI5: =BF5-BH5 -> 53580.95 | BO5: May-25 | BP5: =B5+M5+X5+AI5+AT5+BE5 -> 361133.03 | BQ5: =C5+N5+Y5+AJ5+AU5+BF5 -> 361133.03 | BR5: =BP5-BQ5 -> 0 | BS5: =E5+P5+AA5+AL5+AW5+BH5 -> 261747.92 | BT5: =BQ5-BS5 -> 99385.11
A6: Jun-25 | B6: 53982.5 | C6: 53982.5 | D6: =B6-C6 -> 0 | E6: 16425.84 | F6: =C6-E6 -> 37556.66 | L6: Jun-25 | M6: 105182.25 | N6: 105182.25 | O6: =M6-N6 -> 0 | P6: 0 | Q6: =N6-P6 -> 105182.25 | W6: Jun-25 | X6: 23363.19 | Y6: 23363.19 | Z6: =X6-Y6 -> 0 | AA6: 29903.96 | AB6: =Y6-AA6 -> -6540.77 | AH6: Jun-25 | AI6: 42350 | AJ6: 42350 | AK6: =AI6-AJ6 -> 0 | AL6: 22575.56 | AM6: =AJ6-AL6 -> 19774.44 | AS6: Jun-25 | AT6: 11246.64 | AU6: 11246.64 | AV6: =AT6-AU6 -> 0 | AW6: 0 | AX6: =AU6-AW6 -> 11246.64 | BD6: Jun-25 | BE6: 0 | BF6: 0 | BG6: =BE6-BF6 -> 0 | BH6: 29465.88 | BI6: =BF6-BH6 -> -29465.88 | BO6: Jun-25 | BP6: =B6+M6+X6+AI6+AT6+BE6 -> 236124.58 | BQ6: =C6+N6+Y6+AJ6+AU6+BF6 -> 236124.58 | BR6: =BP6-BQ6 -> 0 | BS6: =E6+P6+AA6+AL6+AW6+BH6 -> 98371.24 | BT6: =BQ6-BS6 -> 137753.34
A7: Jul-25 | B7: 84001.48 | C7: 84001.48 | D7: =B7-C7 -> 0 | E7: 76478.65 | F7: =C7-E7 -> 7522.83 | L7: Jul-25 | M7: 83212.5 | N7: 83212.5 | O7: =M7-N7 -> 0 | P7: 59932.06 | Q7: =N7-P7 -> 23280.44 | W7: Jul-25 | X7: 65340 | Y7: 65340 | Z7: =X7-Y7 -> 0 | AA7: 35600 | AB7: =Y7-AA7 -> 29740 | AH7: Jul-25 | AI7: 44990 | AJ7: 44990 | AK7: =AI7-AJ7 -> 0 | AL7: 33499.84 | AM7: =AJ7-AL7 -> 11490.16 | AS7: Jul-25 | AT7: 34133.08 | AU7: 34133.08 | AV7: =AT7-AU7 -> 0 | AW7: 9900 | AX7: =AU7-AW7 -> 24233.08 | BD7: Jul-25 | BE7: 36463.81 | BF7: 36463.81 | BG7: =BE7-BF7 -> 0 | BH7: 38448.58 | BI7: =BF7-BH7 -> -1984.77 | BO7: Jul-25 | BP7: =B7+M7+X7+AI7+AT7+BE7 -> 348140.87 | BQ7: =C7+N7+Y7+AJ7+AU7+BF7 -> 348140.87 | BR7: =BP7-BQ7 -> 0 | BS7: =E7+P7+AA7+AL7+AW7+BH7 -> 253859.13 | BT7: =BQ7-BS7 -> 94281.74
A8: Aug-25 | B8: 126106.36 | C8: 126106.36 | D8: =B8-C8 -> 0 | E8: 70973.6 | F8: =C8-E8 -> 55132.76 | L8: Aug-25 | M8: 65215.59 | N8: 65215.59 | O8: =M8-N8 -> 0 | P8: 11700 | Q8: =N8-P8 -> 53515.59 | W8: Aug-25 | X8: 3000 | Y8: 3000 | Z8: =X8-Y8 -> 0 | AA8: 16110 | AB8: =Y8-AA8 -> -13110 | AH8: Aug-25 | AI8: 37150 | AJ8: 37150 | AK8: =AI8-AJ8 -> 0 | AL8: 17956.72 | AM8: =AJ8-AL8 -> 19193.28 | AS8: Aug-25 | AT8: 32080.32 | AU8: 32080.32 | AV8: =AT8-AU8 -> 0 | AW8: 0 | AX8: =AU8-AW8 -> 32080.32 | BD8: Aug-25 | BE8: 49279.76 | BF8: 49279.76 | BG8: =BE8-BF8 -> 0 | BH8: 75908.33 | BI8: =BF8-BH8 -> -26628.57 | BO8: Aug-25 | BP8: =B8+M8+X8+AI8+AT8+BE8 -> 312832.03 | BQ8: =C8+N8+Y8+AJ8+AU8+BF8 -> 312832.03 | BR8: =BP8-BQ8 -> 0 | BS8: =E8+P8+AA8+AL8+AW8+BH8 -> 192648.65 | BT8: =BQ8-BS8 -> 120183.38
A9: Sep-25 | B9: 88857.68 | C9: 88857.68 | D9: =B9-C9 -> 0 | E9: 114423.23 | F9: =C9-E9 -> -25565.55 | L9: Sep-25 | M9: 72719.16 | N9: 72719.16 | O9: =M9-N9 -> 0 | P9: 37291.26 | Q9: =N9-P9 -> 35427.9 | W9: Sep-25 | X9: 16494.15 | Y9: 16494.15 | Z9: =X9-Y9 -> 0 | AA9: 38190 | AB9: =Y9-AA9 -> -21695.85 | AH9: Sep-25 | AI9: 0 | AJ9: 0 | AK9: =AI9-AJ9 -> 0 | AL9: 42353.44 | AM9: =AJ9-AL9 -> -42353.44 | AS9: Sep-25 | AT9: 60683.76 | AU9: 60683.76 | AV9: =AT9-AU9 -> 0 | AW9: 41550 | AX9: =AU9-AW9 -> 19133.76 | BD9: Sep-25 | BE9: 39251.88 | BF9: 39251.88 | BG9: =BE9-BF9 -> 0 | BH9: 42278.5 | BI9: =BF9-BH9 -> -3026.62 | BO9: Sep-25 | BP9: =B9+M9+X9+AI9+AT9+BE9 -> 278006.63 | BQ9: =C9+N9+Y9+AJ9+AU9+BF9 -> 278006.63 | BR9: =BP9-BQ9 -> 0 | BS9: =E9+P9+AA9+AL9+AW9+BH9 -> 316086.43 | BT9: =BQ9-BS9 -> -38079.8
A10: Oct-25 | B10: 243705 | C10: 243705 | D10: =B10-C10 -> 0 | E10: 135900 | F10: =C10-E10 -> 107805 | L10: Oct-25 | M10: 170235.49 | N10: 170235.49 | O10: =M10-N10 -> 0 | P10: 85670 | Q10: =N10-P10 -> 84565.49 | W10: Oct-25 | X10: 55220 | Y10: 55220 | Z10: =X10-Y10 -> 0 | AA10: 62880 | AB10: =Y10-AA10 -> -7660 | AH10: Oct-25 | AI10: 49280 | AJ10: 49280 | AK10: =AI10-AJ10 -> 0 | AL10: 74750 | AM10: =AJ10-AL10 -> -25470 | AS10: Oct-25 | AT10: 0 | AU10: 0 | AV10: =AT10-AU10 -> 0 | AW10: 28600 | AX10: =AU10-AW10 -> -28600 | BD10: Oct-25 | BE10: 92166.99 | BF10: 92166.99 | BG10: =BE10-BF10 -> 0 | BH10: 60525 | BI10: =BF10-BH10 -> 31641.99 | BO10: Oct-25 | BP10: =B10+M10+X10+AI10+AT10+BE10 -> 610607.48 | BQ10: =C10+N10+Y10+AJ10+AU10+BF10 -> 610607.48 | BR10: =BP10-BQ10 -> 0 | BS10: =E10+P10+AA10+AL10+AW10+BH10 -> 448325 | BT10: =BQ10-BS10 -> 162282.48
A11: Nov-25 | B11: 273702.73 | C11: 273702.73 | D11: =B11-C11 -> 0 | E11: 304087.5 | F11: =C11-E11 -> -30384.77 | L11: Nov-25 | M11: 210442.34 | N11: 210442.34 | O11: =M11-N11 -> 0 | P11: 202913 | Q11: =N11-P11 -> 7529.34 | W11: Nov-25 | X11: 129515.4 | Y11: 129515.4 | Z11: =X11-Y11 -> 0 | AA11: 65250 | AB11: =Y11-AA11 -> 64265.4 | AH11: Nov-25 | AI11: 170104 | AJ11: 170104 | AK11: =AI11-AJ11 -> 0 | AL11: 156045 | AM11: =AJ11-AL11 -> 14059 | AS11: Nov-25 | AT11: 0 | AU11: 0 | AV11: =AT11-AU11 -> 0 | AW11: 120624.08 | AX11: =AU11-AW11 -> -120624.08 | BD11: Nov-25 | BE11: 128632.5 | BF11: 128632.5 | BG11: =BE11-BF11 -> 0 | BH11: 39420 | BI11: =BF11-BH11 -> 89212.5 | BO11: Nov-25 | BP11: =B11+M11+X11+AI11+AT11+BE11 -> 912396.97 | BQ11: =C11+N11+Y11+AJ11+AU11+BF11 -> 912396.97 | BR11: =BP11-BQ11 -> 0 | BS11: =E11+P11+AA11+AL11+AW11+BH11 -> 888339.58 | BT11: =BQ11-BS11 -> 24057.39
A12: Dec-25 | B12: 297198.24 | C12: 297198.24 | D12: =B12-C12 -> 0 | E12: 279330 | F12: =C12-E12 -> 17868.24 | L12: Dec-25 | M12: 282295.3 | N12: 282295.3 | O12: =M12-N12 -> 0 | P12: 219450 | Q12: =N12-P12 -> 62845.3 | W12: Dec-25 | X12: 188548.3 | Y12: 188548.3 | Z12: =X12-Y12 -> 0 | AA12: 240224 | AB12: =Y12-AA12 -> -51675.7 | AH12: Dec-25 | AI12: 237490 | AJ12: 237490 | AK12: =AI12-AJ12 -> 0 | AL12: 199600 | AM12: =AJ12-AL12 -> 37890 | AS12: Dec-25 | AT12: 122111.6 | AU12: 122111.6 | AV12: =AT12-AU12 -> 0 | AW12: 182827.17 | AX12: =AU12-AW12 -> -60715.57 | BD12: Dec-25 | BE12: 149955.71 | BF12: 149955.71 | BG12: =BE12-BF12 -> 0 | BH12: 150855 | BI12: =BF12-BH12 -> -899.29 | BO12: Dec-25 | BP12: =B12+M12+X12+AI12+AT12+BE12 -> 1277599.2 | BQ12: =C12+N12+Y12+AJ12+AU12+BF12 -> 1277599.2 | BR12: =BP12-BQ12 -> 0 | BS12: =E12+P12+AA12+AL12+AW12+BH12 -> 1272286.2 | BT12: =BQ12-BS12 -> 5312.98
A13: Jan-26 | B13: 331249.32 | C13: 331249.32 | D13: =B13-C13 -> 0 | E13: 294488.62 | F13: =C13-E13 -> 36760.7 | L13: Jan-26 | M13: 272540 | N13: 272540 | O13: =M13-N13 -> 0 | P13: 281378 | Q13: =N13-P13 -> -8838 | W13: Jan-26 | X13: 323097.67 | Y13: 323097.67 | Z13: =X13-Y13 -> 0 | AA13: 308400 | AB13: =Y13-AA13 -> 14697.67 | AH13: Jan-26 | AI13: 201907.01 | AJ13: 201907.01 | AK13: =AI13-AJ13 -> 0 | AL13: 192000 | AM13: =AJ13-AL13 -> 9907.01 | AS13: Jan-26 | AT13: 236635.77 | AU13: 236635.77 | AV13: =AT13-AU13 -> 0 | AW13: 213097.84 | AX13: =AU13-AW13 -> 23537.93 | BD13: Jan-26 | BE13: 134804.2 | BF13: 134804.2 | BG13: =BE13-BF13 -> 0 | BH13: 145295.73 | BI13: =BF13-BH13 -> -10491.53 | BO13: Jan-26 | BP13: =B13+M13+X13+AI13+AT13+BE13 -> 1500234 | BQ13: =C13+N13+Y13+AJ13+AU13+BF13 -> 1500234 | BR13: =BP13-BQ13 -> 0 | BS13: =E13+P13+AA13+AL13+AW13+BH13 -> 1434660.2 | BT13: =BQ13-BS13 -> 65573.78
A14: Feb-26 | B14: 305112.5 | C14: 305112.5 | D14: =B14-C14 -> 0 | E14: 202500 | F14: =C14-E14 -> 102612.5 | L14: Feb-26 | M14: 204584.9 | N14: 204584.9 | O14: =M14-N14 -> 0 | P14: 250100 | Q14: =N14-P14 -> -45515.1 | W14: Feb-26 | X14: 241860.09 | Y14: 241860.09 | Z14: =X14-Y14 -> 0 | AA14: 237875 | AB14: =Y14-AA14 -> 3985.09 | AH14: Feb-26 | AI14: 150116.45 | AJ14: 150116.45 | AK14: =AI14-AJ14 -> 0 | AL14: 134950 | AM14: =AJ14-AL14 -> 15166.45 | AS14: Feb-26 | AT14: 22440 | AU14: 22440 | AV14: =AT14-AU14 -> 0 | AW14: 122825.9 | AX14: =AU14-AW14 -> -100385.9 | BD14: Feb-26 | BE14: 119440.38 | BF14: 117013.53 | BG14: =BE14-BF14 -> 2426.85 | BH14: 135510.24 | BI14: =BF14-BH14 -> -18496.71 | BO14: Feb-26 | BP14: =B14+M14+X14+AI14+AT14+BE14 -> 1043554.3 | BQ14: =C14+N14+Y14+AJ14+AU14+BF14 -> 1041127.5 | BR14: =BP14-BQ14 -> 2426.85 | BS14: =E14+P14+AA14+AL14+AW14+BH14 -> 1083761.1 | BT14: =BQ14-BS14 -> -42633.67
A15: TOTAL | B15: =SUM(B3:B14) -> 2430598.4 | C15: =SUM(C3:C14) -> 2430598.4 | D15: =B15-C15 -> 0 | E15: =SUM(E3:E14) -> 1955769.7 | F15: =C15-E15 -> 474828.65 | L15: TOTAL | M15: =SUM(M3:M14) -> 1975862.8 | N15: =SUM(N3:N14) -> 1975862.8 | O15: =M15-N15 -> 0 | P15: =SUM(P3:P14) -> 1468813.2 | Q15: =N15-P15 -> 507049.61 | W15: TOTAL | X15: =SUM(X3:X14) -> 1284804.1 | Y15: =SUM(Y3:Y14) -> 1284804.1 | Z15: =X15-Y15 -> 0 | AA15: =SUM(AA3:AA14) -> 1223433 | AB15: =Y15-AA15 -> 61371.09 | AH15: TOTAL | AI15: =SUM(AI3:AI14) -> 1263054.6 | AJ15: =SUM(AJ3:AJ14) -> 1263054.6 | AK15: =AI15-AJ15 -> 0 | AL15: =SUM(AL3:AL14) -> 1121844.8 | AM15: =AJ15-AL15 -> 141209.83 | AS15: TOTAL | AT15: =SUM(AT3:AT14) -> 674702.31 | AU15: =SUM(AU3:AU14) -> 674702.31 | AV15: =AT15-AU15 -> 0 | AW15: =SUM(AW3:AW14) -> 916233.09 | AX15: =AU15-AW15 -> -241530.78 | BD15: TOTAL | BE15: =SUM(BE3:BE14) -> 1052970.6 | BF15: =SUM(BF3:BF14) -> 1050543.8 | BG15: =BE15-BF15 -> 2426.85 | BH15: =SUM(BH3:BH14) -> 873654.76 | BI15: =BF15-BH15 -> 176889.01 | BO15: TOTAL | BP15: =SUM(BP3:BP14) -> 8681992.8 | BQ15: =SUM(BQ3:BQ14) -> 8679565.9 | BR15: =BP15-BQ15 -> 2426.85 | BS15: =SUM(BS3:BS14) -> 7559748.5 | BT15: =BQ15-BS15 -> 1119817.4
A16: Room Nights | G16: Occupancy | L16: Room Nights | R16: Occupancy | W16: Room Nights | AC16: Occupancy | AH16: Room Nights | AN16: Occupancy | AS16: Room Nights | AY16: Occupancy | BD16: Room Nights | BJ16: Occupancy | BO16: Room Nights | BU16: Average Occupancy
B17: OTB @ 17 Mar 2026 | C17: OTB @ 2 Mar 2026 | D17: Variance | E17: Previous FY | F17: OTB vs PY | G17: OTB @ 17 Mar 2026 | H17: OTB @ 2 Mar 2026 | I17: Variance | J17: Previous FY | K17: OTB vs PY | M17: OTB @ 17 Mar 2026 | N17: OTB @ 2 Mar 2026 | O17: Variance | P17: Previous FY | Q17: OTB vs PY | R17: OTB @ 17 Mar 2026 | S17: OTB @ 2 Mar 2026 | T17: Variance | U17: Previous FY | V17: OTB vs PY | X17: OTB @ 17 Mar 2026 | Y17: OTB @ 2 Mar 2026 | Z17: Variance | AA17: Previous FY | AB17: OTB vs PY | AC17: OTB @ 17 Mar 2026 | AD17: OTB @ 2 Mar 2026 | AE17: Variance | AF17: Previous FY | AG17: OTB vs PY | AI17: OTB @ 17 Mar 2026 | AJ17: OTB @ 2 Mar 2026 | AK17: Variance | AL17: Previous FY | AM17: OTB vs PY | AN17: OTB @ 17 Mar 2026 | AO17: OTB @ 2 Mar 2026 | AP17: Variance | AQ17: Previous FY | AR17: OTB vs PY | AT17: OTB @ 17 Mar 2026 | AU17: OTB @ 2 Mar 2026 | AV17: Variance | AW17: Previous FY | AX17: OTB vs PY | AY17: OTB @ 17 Mar 2026 | AZ17: OTB @ 2 Mar 2026 | BA17: Variance | BB17: Previous FY | BC17: OTB vs PY | BE17: OTB @ 17 Mar 2026 | BF17: OTB @ 2 Mar 2026 | BG17: Variance | BH17: Previous FY | BI17: OTB vs PY | BJ17: OTB @ 17 Mar 2026 | BK17: OTB @ 2 Mar 2026 | BL17: Variance | BM17: Previous FY | BN17: OTB vs PY | BP17: OTB @ 17 Mar 2026 | BQ17: OTB @ 2 Mar 2026 | BR17: Variance | BS17: Previous FY | BT17: OTB vs PY | BU17: OTB @ 17 Mar 2026 | BV17: OTB @ 2 Mar 2026 | BW17: Variance | BX17: Previous FY | BY17: OTB vs PY
A18: Mar-25 | B18: 26 | C18: 26 | D18: =B18-C18 -> 0 | E18: 25 | F18: =C18-E18 -> 1 | G18: =B18/31 -> 0.83870968 | H18: =C18/31 -> 0.83870968 | I18: =G18-H18 -> 0 | J18: =E18/31 -> 0.80645161 | K18: =H18-J18 -> 0.032258065 | L18: Mar-25 | M18: 23 | N18: 23 | O18: =M18-N18 -> 0 | P18: 19 | Q18: =N18-P18 -> 4 | R18: =M18/31 -> 0.74193548 | S18: =N18/31 -> 0.74193548 | T18: =R18-S18 -> 0 | U18: =P18/31 -> 0.61290323 | V18: =S18-U18 -> 0.12903226 | W18: Mar-25 | X18: 16 | Y18: 16 | Z18: =X18-Y18 -> 0 | AA18: 0 | AB18: =Y18-AA18 -> 16 | AC18: =X18/31 -> 0.51612903 | AD18: =Y18/31 -> 0.51612903 | AE18: =AC18-AD18 -> 0 | AF18: =AA18/31 -> 0 | AG18: =AD18-AF18 -> 0.51612903 | AH18: Mar-25 | AI18: 24 | AJ18: 24 | AK18: =AI18-AJ18 -> 0 | AL18: 30 | AM18: =AJ18-AL18 -> -6 | AN18: =AI18/31 -> 0.77419355 | AO18: =AJ18/31 -> 0.77419355 | AP18: =AN18-AO18 -> 0 | AQ18: =AL18/31 -> 0.96774194 | AR18: =AO18-AQ18 -> -0.19354839 | AS18: Mar-25 | AT18: 6 | AU18: 6 | AV18: =AT18-AU18 -> 0 | AW18: 22 | AX18: =AU18-AW18 -> -16 | AY18: =AT18/31 -> 0.19354839 | AZ18: =AU18/31 -> 0.19354839 | BA18: =AY18-AZ18 -> 0 | BB18: =AW18/31 -> 0.70967742 | BC18: =AZ18-BB18 -> -0.51612903 | BD18: Mar-25 | BE18: 27 | BF18: 27 | BG18: =BE18-BF18 -> 0 | BH18: 25 | BI18: =BF18-BH18 -> 2 | BJ18: =BE18/31 -> 0.87096774 | BK18: =BF18/31 -> 0.87096774 | BL18: =BJ18-BK18 -> 0 | BM18: =BH18/31 -> 0.80645161 | BN18: =BK18-BM18 -> 0.064516129 | BO18: Mar-25 | BP18: =B18+M18+X18+AI18+AT18+BE18 -> 122 | BQ18: =C18+N18+Y18+AJ18+AU18+BF18 -> 122 | BR18: =BP18-BQ18 -> 0 | BS18: =E18+P18+AA18+AL18+AW18+BH18 -> 121 | BT18: =BQ18-BS18 -> 1 | BU18: =(BP18/31)/6 -> 0.65591398 | BV18: =(BQ18/31)/6 -> 0.65591398 | BW18: =BU18-BV18 -> 0 | BX18: =BS18/186 -> 0.65053763 | BY18: =BV18-BX18 -> 0.0053763441
A19: Apr-25 | B19: 20 | C19: 20 | D19: =B19-C19 -> 0 | E19: 20 | F19: =C19-E19 -> 0 | G19: =B19/30 -> 0.66666667 | H19: =C19/30 -> 0.66666667 | I19: =G19-H19 -> 0 | J19: =E19/30 -> 0.66666667 | K19: =H19-J19 -> 0 | L19: Apr-25 | M19: 24 | N19: 24 | O19: =M19-N19 -> 0 | P19: 14 | Q19: =N19-P19 -> 10 | R19: =M19/30 -> 0.8 | S19: =N19/30 -> 0.8 | T19: =R19-S19 -> 0 | U19: =P19/30 -> 0.46666667 | V19: =S19-U19 -> 0.33333333 | W19: Apr-25 | X19: 3 | Y19: 3 | Z19: =X19-Y19 -> 0 | AA19: 0 | AB19: =Y19-AA19 -> 3 | AC19: =X19/30 -> 0.1 | AD19: =Y19/30 -> 0.1 | AE19: =AC19-AD19 -> 0 | AF19: =AA19/30 -> 0 | AG19: =AD19-AF19 -> 0.1 | AH19: Apr-25 | AI19: 24 | AJ19: 24 | AK19: =AI19-AJ19 -> 0 | AL19: 20 | AM19: =AJ19-AL19 -> 4 | AN19: =AI19/30 -> 0.8 | AO19: =AJ19/30 -> 0.8 | AP19: =AN19-AO19 -> 0 | AQ19: =AL19/30 -> 0.66666667 | AR19: =AO19-AQ19 -> 0.13333333 | AS19: Apr-25 | AT19: 15 | AU19: 15 | AV19: =AT19-AU19 -> 0 | AW19: 14 | AX19: =AU19-AW19 -> 1 | AY19: =AT19/30 -> 0.5 | AZ19: =AU19/30 -> 0.5 | BA19: =AY19-AZ19 -> 0 | BB19: =AW19/30 -> 0.46666667 | BC19: =AZ19-BB19 -> 0.033333333 | BD19: Apr-25 | BE19: 21 | BF19: 21 | BG19: =BE19-BF19 -> 0 | BH19: 14 | BI19: =BF19-BH19 -> 7 | BJ19: =BE19/30 -> 0.7 | BK19: =BF19/30 -> 0.7 | BL19: =BJ19-BK19 -> 0 | BM19: =BH19/30 -> 0.46666667 | BN19: =BK19-BM19 -> 0.23333333 | BO19: Apr-25 | BP19: =B19+M19+X19+AI19+AT19+BE19 -> 107 | BQ19: =C19+N19+Y19+AJ19+AU19+BF19 -> 107 | BR19: =BP19-BQ19 -> 0 | BS19: =E19+P19+AA19+AL19+AW19+BH19 -> 82 | BT19: =BQ19-BS19 -> 25 | BU19: =(BP19/30)/6 -> 0.59444444 | BV19: =(BQ19/30)/6 -> 0.59444444 | BW19: =BU19-BV19 -> 0 | BX19: =BS19/180 -> 0.45555556 | BY19: =BV19-BX19 -> 0.13888889
A20: May-25 | B20: 16 | C20: 16 | D20: =B20-C20 -> 0 | E20: 12 | F20: =C20-E20 -> 4 | G20: =B20/31 -> 0.51612903 | H20: =C20/31 -> 0.51612903 | I20: =G20-H20 -> 0 | J20: =E20/31 -> 0.38709677 | K20: =H20-J20 -> 0.12903226 | L20: May-25 | M20: 14 | N20: 14 | O20: =M20-N20 -> 0 | P20: 11 | Q20: =N20-P20 -> 3 | R20: =M20/31 -> 0.4516129 | S20: =N20/31 -> 0.4516129 | T20: =R20-S20 -> 0 | U20: =P20/31 -> 0.35483871 | V20: =S20-U20 -> 0.096774194 | W20: May-25 | X20: 6 | Y20: 6 | Z20: =X20-Y20 -> 0 | AA20: 3 | AB20: =Y20-AA20 -> 3 | AC20: =X20/31 -> 0.19354839 | AD20: =Y20/31 -> 0.19354839 | AE20: =AC20-AD20 -> 0 | AF20: =AA20/31 -> 0.096774194 | AG20: =AD20-AF20 -> 0.096774194 | AH20: May-25 | AI20: 12 | AJ20: 12 | AK20: =AI20-AJ20 -> 0 | AL20: 6 | AM20: =AJ20-AL20 -> 6 | AN20: =AI20/31 -> 0.38709677 | AO20: =AJ20/31 -> 0.38709677 | AP20: =AN20-AO20 -> 0 | AQ20: =AL20/31 -> 0.19354839 | AR20: =AO20-AQ20 -> 0.19354839 | AS20: May-25 | AT20: 4 | AU20: 4 | AV20: =AT20-AU20 -> 0 | AW20: 7 | AX20: =AU20-AW20 -> -3 | AY20: =AT20/31 -> 0.12903226 | AZ20: =AU20/31 -> 0.12903226 | BA20: =AY20-AZ20 -> 0 | BB20: =AW20/31 -> 0.22580645 | BC20: =AZ20-BB20 -> -0.096774194 | BD20: May-25 | BE20: 20 | BF20: 20 | BG20: =BE20-BF20 -> 0 | BH20: 5 | BI20: =BF20-BH20 -> 15 | BJ20: =BE20/31 -> 0.64516129 | BK20: =BF20/31 -> 0.64516129 | BL20: =BJ20-BK20 -> 0 | BM20: =BH20/31 -> 0.16129032 | BN20: =BK20-BM20 -> 0.48387097 | BO20: May-25 | BP20: =B20+M20+X20+AI20+AT20+BE20 -> 72 | BQ20: =C20+N20+Y20+AJ20+AU20+BF20 -> 72 | BR20: =BP20-BQ20 -> 0 | BS20: =E20+P20+AA20+AL20+AW20+BH20 -> 44 | BT20: =BQ20-BS20 -> 28 | BU20: =(BP20/31)/6 -> 0.38709677 | BV20: =(BQ20/31)/6 -> 0.38709677 | BW20: =BU20-BV20 -> 0 | BX20: =BS20/186 -> 0.23655914 | BY20: =BV20-BX20 -> 0.15053763
A21: Jun-25 | B21: 10 | C21: 10 | D21: =B21-C21 -> 0 | E21: 3 | F21: =C21-E21 -> 7 | G21: =B21/30 -> 0.33333333 | H21: =C21/30 -> 0.33333333 | I21: =G21-H21 -> 0 | J21: =E21/30 -> 0.1 | K21: =H21-J21 -> 0.23333333 | L21: Jun-25 | M21: 16 | N21: 16 | O21: =M21-N21 -> 0 | P21: 0 | Q21: =N21-P21 -> 16 | R21: =M21/30 -> 0.53333333 | S21: =N21/30 -> 0.53333333 | T21: =R21-S21 -> 0 | U21: =P21/30 -> 0 | V21: =S21-U21 -> 0.53333333 | W21: Jun-25 | X21: 3 | Y21: 3 | Z21: =X21-Y21 -> 0 | AA21: 4 | AB21: =Y21-AA21 -> -1 | AC21: =X21/30 -> 0.1 | AD21: =Y21/30 -> 0.1 | AE21: =AC21-AD21 -> 0 | AF21: =AA21/30 -> 0.13333333 | AG21: =AD21-AF21 -> -0.033333333 | AH21: Jun-25 | AI21: 12 | AJ21: 12 | AK21: =AI21-AJ21 -> 0 | AL21: 7 | AM21: =AJ21-AL21 -> 5 | AN21: =AI21/30 -> 0.4 | AO21: =AJ21/30 -> 0.4 | AP21: =AN21-AO21 -> 0 | AQ21: =AL21/30 -> 0.23333333 | AR21: =AO21-AQ21 -> 0.16666667 | AS21: Jun-25 | AT21: 3 | AU21: 3 | AV21: =AT21-AU21 -> 0 | AW21: 0 | AX21: =AU21-AW21 -> 3 | AY21: =AT21/30 -> 0.1 | AZ21: =AU21/30 -> 0.1 | BA21: =AY21-AZ21 -> 0 | BB21: =AW21/30 -> 0 | BC21: =AZ21-BB21 -> 0.1 | BD21: Jun-25 | BE21: 0 | BF21: 0 | BG21: =BE21-BF21 -> 0 | BH21: 13 | BI21: =BF21-BH21 -> -13 | BJ21: =BE21/30 -> 0 | BK21: =BF21/30 -> 0 | BL21: =BJ21-BK21 -> 0 | BM21: =BH21/30 -> 0.43333333 | BN21: =BK21-BM21 -> -0.43333333 | BO21: Jun-25 | BP21: =B21+M21+X21+AI21+AT21+BE21 -> 44 | BQ21: =C21+N21+Y21+AJ21+AU21+BF21 -> 44 | BR21: =BP21-BQ21 -> 0 | BS21: =E21+P21+AA21+AL21+AW21+BH21 -> 27 | BT21: =BQ21-BS21 -> 17 | BU21: =(BP21/30)/6 -> 0.24444444 | BV21: =(BQ21/30)/6 -> 0.24444444 | BW21: =BU21-BV21 -> 0 | BX21: =BS21/180 -> 0.15 | BY21: =BV21-BX21 -> 0.094444444
A22: Jul-25 | B22: 14 | C22: 14 | D22: =B22-C22 -> 0 | E22: 14 | F22: =C22-E22 -> 0 | G22: =B22/31 -> 0.4516129 | H22: =C22/31 -> 0.4516129 | I22: =G22-H22 -> 0 | J22: =E22/31 -> 0.4516129 | K22: =H22-J22 -> 0 | L22: Jul-25 | M22: 11 | N22: 11 | O22: =M22-N22 -> 0 | P22: 10 | Q22: =N22-P22 -> 1 | R22: =M22/31 -> 0.35483871 | S22: =N22/31 -> 0.35483871 | T22: =R22-S22 -> 0 | U22: =P22/31 -> 0.32258065 | V22: =S22-U22 -> 0.032258065 | W22: Jul-25 | X22: 7 | Y22: 7 | Z22: =X22-Y22 -> 0 | AA22: 6 | AB22: =Y22-AA22 -> 1 | AC22: =X22/31 -> 0.22580645 | AD22: =Y22/31 -> 0.22580645 | AE22: =AC22-AD22 -> 0 | AF22: =AA22/31 -> 0.19354839 | AG22: =AD22-AF22 -> 0.032258065 | AH22: Jul-25 | AI22: 11 | AJ22: 11 | AK22: =AI22-AJ22 -> 0 | AL22: 9 | AM22: =AJ22-AL22 -> 2 | AN22: =AI22/31 -> 0.35483871 | AO22: =AJ22/31 -> 0.35483871 | AP22: =AN22-AO22 -> 0 | AQ22: =AL22/31 -> 0.29032258 | AR22: =AO22-AQ22 -> 0.064516129 | AS22: Jul-25 | AT22: 8 | AU22: 8 | AV22: =AT22-AU22 -> 0 | AW22: 2 | AX22: =AU22-AW22 -> 6 | AY22: =AT22/31 -> 0.25806452 | AZ22: =AU22/31 -> 0.25806452 | BA22: =AY22-AZ22 -> 0 | BB22: =AW22/31 -> 0.064516129 | BC22: =AZ22-BB22 -> 0.19354839 | BD22: Jul-25 | BE22: 10 | BF22: 10 | BG22: =BE22-BF22 -> 0 | BH22: 14 | BI22: =BF22-BH22 -> -4 | BJ22: =BE22/31 -> 0.32258065 | BK22: =BF22/31 -> 0.32258065 | BL22: =BJ22-BK22 -> 0 | BM22: =BH22/31 -> 0.4516129 | BN22: =BK22-BM22 -> -0.12903226 | BO22: Jul-25 | BP22: =B22+M22+X22+AI22+AT22+BE22 -> 61 | BQ22: =C22+N22+Y22+AJ22+AU22+BF22 -> 61 | BR22: =BP22-BQ22 -> 0 | BS22: =E22+P22+AA22+AL22+AW22+BH22 -> 55 | BT22: =BQ22-BS22 -> 6 | BU22: =(BP22/31)/6 -> 0.32795699 | BV22: =(BQ22/31)/6 -> 0.32795699 | BW22: =BU22-BV22 -> 0 | BX22: =BS22/186 -> 0.29569892 | BY22: =BV22-BX22 -> 0.032258065
A23: Aug-25 | B23: 21 | C23: 21 | D23: =B23-C23 -> 0 | E23: 13 | F23: =C23-E23 -> 8 | G23: =B23/31 -> 0.67741935 | H23: =C23/31 -> 0.67741935 | I23: =G23-H23 -> 0 | J23: =E23/31 -> 0.41935484 | K23: =H23-J23 -> 0.25806452 | L23: Aug-25 | M23: 11 | N23: 11 | O23: =M23-N23 -> 0 | P23: 2 | Q23: =N23-P23 -> 9 | R23: =M23/31 -> 0.35483871 | S23: =N23/31 -> 0.35483871 | T23: =R23-S23 -> 0 | U23: =P23/31 -> 0.064516129 | V23: =S23-U23 -> 0.29032258 | W23: Aug-25 | X23: 5 | Y23: 5 | Z23: =X23-Y23 -> 0 | AA23: 3 | AB23: =Y23-AA23 -> 2 | AC23: =X23/31 -> 0.16129032 | AD23: =Y23/31 -> 0.16129032 | AE23: =AC23-AD23 -> 0 | AF23: =AA23/31 -> 0.096774194 | AG23: =AD23-AF23 -> 0.064516129 | AH23: Aug-25 | AI23: 7 | AJ23: 7 | AK23: =AI23-AJ23 -> 0 | AL23: 6 | AM23: =AJ23-AL23 -> 1 | AN23: =AI23/31 -> 0.22580645 | AO23: =AJ23/31 -> 0.22580645 | AP23: =AN23-AO23 -> 0 | AQ23: =AL23/31 -> 0.19354839 | AR23: =AO23-AQ23 -> 0.032258065 | AS23: Aug-25 | AT23: 7 | AU23: 7 | AV23: =AT23-AU23 -> 0 | AW23: 0 | AX23: =AU23-AW23 -> 7 | AY23: =AT23/31 -> 0.22580645 | AZ23: =AU23/31 -> 0.22580645 | BA23: =AY23-AZ23 -> 0 | BB23: =AW23/31 -> 0 | BC23: =AZ23-BB23 -> 0.22580645 | BD23: Aug-25 | BE23: 15 | BF23: 15 | BG23: =BE23-BF23 -> 0 | BH23: 24 | BI23: =BF23-BH23 -> -9 | BJ23: =BE23/31 -> 0.48387097 | BK23: =BF23/31 -> 0.48387097 | BL23: =BJ23-BK23 -> 0 | BM23: =BH23/31 -> 0.77419355 | BN23: =BK23-BM23 -> -0.29032258 | BO23: Aug-25 | BP23: =B23+M23+X23+AI23+AT23+BE23 -> 66 | BQ23: =C23+N23+Y23+AJ23+AU23+BF23 -> 66 | BR23: =BP23-BQ23 -> 0 | BS23: =E23+P23+AA23+AL23+AW23+BH23 -> 48 | BT23: =BQ23-BS23 -> 18 | BU23: =(BP23/31)/6 -> 0.35483871 | BV23: =(BQ23/31)/6 -> 0.35483871 | BW23: =BU23-BV23 -> 0 | BX23: =BS23/186 -> 0.25806452 | BY23: =BV23-BX23 -> 0.096774194
A24: Sep-25 | B24: 15 | C24: 15 | D24: =B24-C24 -> 0 | E24: 19 | F24: =C24-E24 -> -4 | G24: =B24/30 -> 0.5 | H24: =C24/30 -> 0.5 | I24: =G24-H24 -> 0 | J24: =E24/30 -> 0.63333333 | K24: =H24-J24 -> -0.13333333 | L24: Sep-25 | M24: 15 | N24: 15 | O24: =M24-N24 -> 0 | P24: 5 | Q24: =N24-P24 -> 10 | R24: =M24/30 -> 0.5 | S24: =N24/30 -> 0.5 | T24: =R24-S24 -> 0 | U24: =P24/30 -> 0.16666667 | V24: =S24-U24 -> 0.33333333 | W24: Sep-25 | X24: 4 | Y24: 4 | Z24: =X24-Y24 -> 0 | AA24: 9 | AB24: =Y24-AA24 -> -5 | AC24: =X24/30 -> 0.13333333 | AD24: =Y24/30 -> 0.13333333 | AE24: =AC24-AD24 -> 0 | AF24: =AA24/30 -> 0.3 | AG24: =AD24-AF24 -> -0.16666667 | AH24: Sep-25 | AI24: 0 | AJ24: 0 | AK24: =AI24-AJ24 -> 0 | AL24: 12 | AM24: =AJ24-AL24 -> -12 | AN24: =AI24/30 -> 0 | AO24: =AJ24/30 -> 0 | AP24: =AN24-AO24 -> 0 | AQ24: =AL24/30 -> 0.4 | AR24: =AO24-AQ24 -> -0.4 | AS24: Sep-25 | AT24: 14 | AU24: 14 | AV24: =AT24-AU24 -> 0 | AW24: 9 | AX24: =AU24-AW24 -> 5 | AY24: =AT24/30 -> 0.46666667 | AZ24: =AU24/30 -> 0.46666667 | BA24: =AY24-AZ24 -> 0 | BB24: =AW24/30 -> 0.3 | BC24: =AZ24-BB24 -> 0.16666667 | BD24: Sep-25 | BE24: 12 | BF24: 12 | BG24: =BE24-BF24 -> 0 | BH24: 12 | BI24: =BF24-BH24 -> 0 | BJ24: =BE24/30 -> 0.4 | BK24: =BF24/30 -> 0.4 | BL24: =BJ24-BK24 -> 0 | BM24: =BH24/30 -> 0.4 | BN24: =BK24-BM24 -> 0 | BO24: Sep-25 | BP24: =B24+M24+X24+AI24+AT24+BE24 -> 60 | BQ24: =C24+N24+Y24+AJ24+AU24+BF24 -> 60 | BR24: =BP24-BQ24 -> 0 | BS24: =E24+P24+AA24+AL24+AW24+BH24 -> 66 | BT24: =BQ24-BS24 -> -6 | BU24: =(BP24/30)/6 -> 0.33333333 | BV24: =(BQ24/30)/6 -> 0.33333333 | BW24: =BU24-BV24 -> 0 | BX24: =BS24/180 -> 0.36666667 | BY24: =BV24-BX24 -> -0.033333333
A25: Oct-25 | B25: 22 | C25: 22 | D25: =B25-C25 -> 0 | E25: 12 | F25: =C25-E25 -> 10 | G25: =B25/31 -> 0.70967742 | H25: =C25/31 -> 0.70967742 | I25: =G25-H25 -> 0 | J25: =E25/31 -> 0.38709677 | K25: =H25-J25 -> 0.32258065 | L25: Oct-25 | M25: 20 | N25: 20 | O25: =M25-N25 -> 0 | P25: 9 | Q25: =N25-P25 -> 11 | R25: =M25/31 -> 0.64516129 | S25: =N25/31 -> 0.64516129 | T25: =R25-S25 -> 0 | U25: =P25/31 -> 0.29032258 | V25: =S25-U25 -> 0.35483871 | W25: Oct-25 | X25: 4 | Y25: 4 | Z25: =X25-Y25 -> 0 | AA25: 12 | AB25: =Y25-AA25 -> -8 | AC25: =X25/31 -> 0.12903226 | AD25: =Y25/31 -> 0.12903226 | AE25: =AC25-AD25 -> 0 | AF25: =AA25/31 -> 0.38709677 | AG25: =AD25-AF25 -> -0.25806452 | AH25: Oct-25 | AI25: 8 | AJ25: 8 | AK25: =AI25-AJ25 -> 0 | AL25: 13 | AM25: =AJ25-AL25 -> -5 | AN25: =AI25/31 -> 0.25806452 | AO25: =AJ25/31 -> 0.25806452 | AP25: =AN25-AO25 -> 0 | AQ25: =AL25/31 -> 0.41935484 | AR25: =AO25-AQ25 -> -0.16129032 | AS25: Oct-25 | AT25: 0 | AU25: 0 | AV25: =AT25-AU25 -> 0 | AW25: 4 | AX25: =AU25-AW25 -> -4 | AY25: =AT25/31 -> 0 | AZ25: =AU25/31 -> 0 | BA25: =AY25-AZ25 -> 0 | BB25: =AW25/31 -> 0.12903226 | BC25: =AZ25-BB25 -> -0.12903226 | BD25: Oct-25 | BE25: 18 | BF25: 18 | BG25: =BE25-BF25 -> 0 | BH25: 12 | BI25: =BF25-BH25 -> 6 | BJ25: =BE25/31 -> 0.58064516 | BK25: =BF25/31 -> 0.58064516 | BL25: =BJ25-BK25 -> 0 | BM25: =BH25/31 -> 0.38709677 | BN25: =BK25-BM25 -> 0.19354839 | BO25: Oct-25 | BP25: =B25+M25+X25+AI25+AT25+BE25 -> 72 | BQ25: =C25+N25+Y25+AJ25+AU25+BF25 -> 72 | BR25: =BP25-BQ25 -> 0 | BS25: =E25+P25+AA25+AL25+AW25+BH25 -> 62 | BT25: =BQ25-BS25 -> 10 | BU25: =(BP25/31)/6 -> 0.38709677 | BV25: =(BQ25/31)/6 -> 0.38709677 | BW25: =BU25-BV25 -> 0 | BX25: =BS25/186 -> 0.33333333 | BY25: =BV25-BX25 -> 0.053763441
A26: Nov-25 | B26: 25 | C26: 25 | D26: =B26-C26 -> 0 | E26: 27 | F26: =C26-E26 -> -2 | G26: =B26/30 -> 0.83333333 | H26: =C26/30 -> 0.83333333 | I26: =G26-H26 -> 0 | J26: =E26/30 -> 0.9 | K26: =H26-J26 -> -0.066666667 | L26: Nov-25 | M26: 25 | N26: 25 | O26: =M26-N26 -> 0 | P26: 22 | Q26: =N26-P26 -> 3 | R26: =M26/30 -> 0.83333333 | S26: =N26/30 -> 0.83333333 | T26: =R26-S26 -> 0 | U26: =P26/30 -> 0.73333333 | V26: =S26-U26 -> 0.1 | W26: Nov-25 | X26: 14 | Y26: 14 | Z26: =X26-Y26 -> 0 | AA26: 8 | AB26: =Y26-AA26 -> 6 | AC26: =X26/30 -> 0.46666667 | AD26: =Y26/30 -> 0.46666667 | AE26: =AC26-AD26 -> 0 | AF26: =AA26/30 -> 0.26666667 | AG26: =AD26-AF26 -> 0.2 | AH26: Nov-25 | AI26: 26 | AJ26: 26 | AK26: =AI26-AJ26 -> 0 | AL26: 27 | AM26: =AJ26-AL26 -> -1 | AN26: =AI26/30 -> 0.86666667 | AO26: =AJ26/30 -> 0.86666667 | AP26: =AN26-AO26 -> 0 | AQ26: =AL26/30 -> 0.9 | AR26: =AO26-AQ26 -> -0.033333333 | AS26: Nov-25 | AT26: 0 | AU26: 0 | AV26: =AT26-AU26 -> 0 | AW26: 18 | AX26: =AU26-AW26 -> -18 | AY26: =AT26/30 -> 0 | AZ26: =AU26/30 -> 0 | BA26: =AY26-AZ26 -> 0 | BB26: =AW26/30 -> 0.6 | BC26: =AZ26-BB26 -> -0.6 | BD26: Nov-25 | BE26: 25 | BF26: 25 | BG26: =BE26-BF26 -> 0 | BH26: 8 | BI26: =BF26-BH26 -> 17 | BJ26: =BE26/30 -> 0.83333333 | BK26: =BF26/30 -> 0.83333333 | BL26: =BJ26-BK26 -> 0 | BM26: =BH26/30 -> 0.26666667 | BN26: =BK26-BM26 -> 0.56666667 | BO26: Nov-25 | BP26: =B26+M26+X26+AI26+AT26+BE26 -> 115 | BQ26: =C26+N26+Y26+AJ26+AU26+BF26 -> 115 | BR26: =BP26-BQ26 -> 0 | BS26: =E26+P26+AA26+AL26+AW26+BH26 -> 110 | BT26: =BQ26-BS26 -> 5 | BU26: =(BP26/30)/6 -> 0.63888889 | BV26: =(BQ26/30)/6 -> 0.63888889 | BW26: =BU26-BV26 -> 0 | BX26: =BS26/180 -> 0.61111111 | BY26: =BV26-BX26 -> 0.027777778
A27: Dec-25 | B27: 26 | C27: 26 | D27: =B27-C27 -> 0 | E27: 24 | F27: =C27-E27 -> 2 | G27: =B27/31 -> 0.83870968 | H27: =C27/31 -> 0.83870968 | I27: =G27-H27 -> 0 | J27: =E27/31 -> 0.77419355 | K27: =H27-J27 -> 0.064516129 | L27: Dec-25 | M27: 29 | N27: 29 | O27: =M27-N27 -> 0 | P27: 20 | Q27: =N27-P27 -> 9 | R27: =M27/31 -> 0.93548387 | S27: =N27/31 -> 0.93548387 | T27: =R27-S27 -> 0 | U27: =P27/31 -> 0.64516129 | V27: =S27-U27 -> 0.29032258 | W27: Dec-25 | X27: 16 | Y27: 16 | Z27: =X27-Y27 -> 0 | AA27: 19 | AB27: =Y27-AA27 -> -3 | AC27: =X27/31 -> 0.51612903 | AD27: =Y27/31 -> 0.51612903 | AE27: =AC27-AD27 -> 0 | AF27: =AA27/31 -> 0.61290323 | AG27: =AD27-AF27 -> -0.096774194 | AH27: Dec-25 | AI27: 30 | AJ27: 30 | AK27: =AI27-AJ27 -> 0 | AL27: 30 | AM27: =AJ27-AL27 -> 0 | AN27: =AI27/31 -> 0.96774194 | AO27: =AJ27/31 -> 0.96774194 | AP27: =AN27-AO27 -> 0 | AQ27: =AL27/31 -> 0.96774194 | AR27: =AO27-AQ27 -> 0 | AS27: Dec-25 | AT27: 16 | AU27: 16 | AV27: =AT27-AU27 -> 0 | AW27: 26 | AX27: =AU27-AW27 -> -10 | AY27: =AT27/31 -> 0.51612903 | AZ27: =AU27/31 -> 0.51612903 | BA27: =AY27-AZ27 -> 0 | BB27: =AW27/31 -> 0.83870968 | BC27: =AZ27-BB27 -> -0.32258065 | BD27: Dec-25 | BE27: 27 | BF27: 27 | BG27: =BE27-BF27 -> 0 | BH27: 26 | BI27: =BF27-BH27 -> 1 | BJ27: =BE27/31 -> 0.87096774 | BK27: =BF27/31 -> 0.87096774 | BL27: =BJ27-BK27 -> 0 | BM27: =BH27/31 -> 0.83870968 | BN27: =BK27-BM27 -> 0.032258065 | BO27: Dec-25 | BP27: =B27+M27+X27+AI27+AT27+BE27 -> 144 | BQ27: =C27+N27+Y27+AJ27+AU27+BF27 -> 144 | BR27: =BP27-BQ27 -> 0 | BS27: =E27+P27+AA27+AL27+AW27+BH27 -> 145 | BT27: =BQ27-BS27 -> -1 | BU27: =(BP27/31)/6 -> 0.77419355 | BV27: =(BQ27/31)/6 -> 0.77419355 | BW27: =BU27-BV27 -> 0 | BX27: =BS27/186 -> 0.77956989 | BY27: =BV27-BX27 -> -0.0053763441
A28: Jan-26 | B28: 30 | C28: 30 | D28: =B28-C28 -> 0 | E28: 27 | F28: =C28-E28 -> 3 | G28: =B28/31 -> 0.96774194 | H28: =C28/31 -> 0.96774194 | I28: =G28-H28 -> 0 | J28: =E28/31 -> 0.87096774 | K28: =H28-J28 -> 0.096774194 | L28: Jan-26 | M28: 31 | N28: 31 | O28: =M28-N28 -> 0 | P28: 28 | Q28: =N28-P28 -> 3 | R28: =M28/31 -> 1 | S28: =N28/31 -> 1 | T28: =R28-S28 -> 0 | U28: =P28/31 -> 0.90322581 | V28: =S28-U28 -> 0.096774194 | W28: Jan-26 | X28: 30 | Y28: 30 | Z28: =X28-Y28 -> 0 | AA28: 29 | AB28: =Y28-AA28 -> 1 | AC28: =X28/31 -> 0.96774194 | AD28: =Y28/31 -> 0.96774194 | AE28: =AC28-AD28 -> 0 | AF28: =AA28/31 -> 0.93548387 | AG28: =AD28-AF28 -> 0.032258065 | AH28: Jan-26 | AI28: 31 | AJ28: 31 | AK28: =AI28-AJ28 -> 0 | AL28: 30 | AM28: =AJ28-AL28 -> 1 | AN28: =AI28/31 -> 1 | AO28: =AJ28/31 -> 1 | AP28: =AN28-AO28 -> 0 | AQ28: =AL28/31 -> 0.96774194 | AR28: =AO28-AQ28 -> 0.032258065 | AS28: Jan-26 | AT28: 31 | AU28: 31 | AV28: =AT28-AU28 -> 0 | AW28: 30 | AX28: =AU28-AW28 -> 1 | AY28: =AT28/31 -> 1 | AZ28: =AU28/31 -> 1 | BA28: =AY28-AZ28 -> 0 | BB28: =AW28/31 -> 0.96774194 | BC28: =AZ28-BB28 -> 0.032258065 | BD28: Jan-26 | BE28: 25 | BF28: 25 | BG28: =BE28-BF28 -> 0 | BH28: 29 | BI28: =BF28-BH28 -> -4 | BJ28: =BE28/31 -> 0.80645161 | BK28: =BF28/31 -> 0.80645161 | BL28: =BJ28-BK28 -> 0 | BM28: =BH28/31 -> 0.93548387 | BN28: =BK28-BM28 -> -0.12903226 | BO28: Jan-26 | BP28: =B28+M28+X28+AI28+AT28+BE28 -> 178 | BQ28: =C28+N28+Y28+AJ28+AU28+BF28 -> 178 | BR28: =BP28-BQ28 -> 0 | BS28: =E28+P28+AA28+AL28+AW28+BH28 -> 173 | BT28: =BQ28-BS28 -> 5 | BU28: =(BP28/31)/6 -> 0.95698925 | BV28: =(BQ28/31)/6 -> 0.95698925 | BW28: =BU28-BV28 -> 0 | BX28: =BS28/186 -> 0.93010753 | BY28: =BV28-BX28 -> 0.02688172
A29: Feb-26 | B29: 27 | C29: 27 | D29: =B29-C29 -> 0 | E29: 18 | F29: =C29-E29 -> 9 | G29: =B29/28 -> 0.96428571 | H29: =C29/28 -> 0.96428571 | I29: =G29-H29 -> 0 | J29: =E29/28 -> 0.64285714 | K29: =H29-J29 -> 0.32142857 | L29: Feb-26 | M29: 25 | N29: 25 | O29: =M29-N29 -> 0 | P29: 26 | Q29: =N29-P29 -> -1 | R29: =M29/28 -> 0.89285714 | S29: =N29/28 -> 0.89285714 | T29: =R29-S29 -> 0 | U29: =P29/28 -> 0.92857143 | V29: =S29-U29 -> -0.035714286 | W29: Feb-26 | X29: 23 | Y29: 23 | Z29: =X29-Y29 -> 0 | AA29: 23 | AB29: =Y29-AA29 -> 0 | AC29: =X29/28 -> 0.82142857 | AD29: =Y29/28 -> 0.82142857 | AE29: =AC29-AD29 -> 0 | AF29: =AA29/28 -> 0.82142857 | AG29: =AD29-AF29 -> 0 | AH29: Feb-26 | AI29: 27 | AJ29: 27 | AK29: =AI29-AJ29 -> 0 | AL29: 23 | AM29: =AJ29-AL29 -> 4 | AN29: =AI29/28 -> 0.96428571 | AO29: =AJ29/28 -> 0.96428571 | AP29: =AN29-AO29 -> 0 | AQ29: =AL29/28 -> 0.82142857 | AR29: =AO29-AQ29 -> 0.14285714 | AS29: Feb-26 | AT29: 3 | AU29: 3 | AV29: =AT29-AU29 -> 0 | AW29: 24 | AX29: =AU29-AW29 -> -21 | AY29: =AT29/28 -> 0.10714286 | AZ29: =AU29/28 -> 0.10714286 | BA29: =AY29-AZ29 -> 0 | BB29: =AW29/28 -> 0.85714286 | BC29: =AZ29-BB29 -> -0.75 | BD29: Feb-26 | BE29: 24 | BF29: 24 | BG29: =BE29-BF29 -> 0 | BH29: 26 | BI29: =BF29-BH29 -> -2 | BJ29: =BE29/28 -> 0.85714286 | BK29: =BF29/28 -> 0.85714286 | BL29: =BJ29-BK29 -> 0 | BM29: =BH29/28 -> 0.92857143 | BN29: =BK29-BM29 -> -0.071428571 | BO29: Feb-26 | BP29: =B29+M29+X29+AI29+AT29+BE29 -> 129 | BQ29: =C29+N29+Y29+AJ29+AU29+BF29 -> 129 | BR29: =BP29-BQ29 -> 0 | BS29: =E29+P29+AA29+AL29+AW29+BH29 -> 140 | BT29: =BQ29-BS29 -> -11 | BU29: =(BP29/28)/6 -> 0.76785714 | BV29: =(BQ29/28)/6 -> 0.76785714 | BW29: =BU29-BV29 -> 0 | BX29: =BS29/168 -> 0.83333333 | BY29: =BV29-BX29 -> -0.06547619
A30: ADR | L30: ADR | W30: ADR | AH30: ADR | AS30: ADR | BD30: ADR | BO30: ADR
B31: OTB @ 17 Mar 2026 | C31: OTB @ 2 Mar 2026 | D31: Variance | E31: Previous FY | F31: OTB vs PY | M31: OTB @ 17 Mar 2026 | N31: OTB @ 2 Mar 2026 | O31: Variance | P31: Previous FY | Q31: OTB vs PY | X31: OTB @ 17 Mar 2026 | Y31: OTB @ 2 Mar 2026 | Z31: Variance | AA31: Previous FY | AB31: OTB vs PY | AI31: OTB @ 17 Mar 2026 | AJ31: OTB @ 2 Mar 2026 | AK31: Variance | AL31: Previous FY | AM31: OTB vs PY | AT31: OTB @ 17 Mar 2026 | AU31: OTB @ 2 Mar 2026 | AV31: Variance | AW31: Previous FY | AX31: OTB vs PY | BE31: OTB @ 17 Mar 2026 | BF31: OTB @ 2 Mar 2026 | BG31: Variance | BH31: Previous FY | BI31: OTB vs PY | BP31: OTB @ 17 Mar 2026 | BQ31: OTB @ 2 Mar 2026 | BR31: Variance | BS31: Previous FY | BT31: OTB vs PY
A32: Mar-25 | B32: =B3/B18 -> 10582.983 | C32: =C3/C18 -> 10582.983 | D32: =B32-C32 -> 0 | E32: =E3/E18 -> 8775.0652 | F32: =C32-E32 -> 1807.9179 | L32: Mar-25 | M32: =M3/M18 -> 9317.3913 | N32: =N3/N18 -> 9317.3913 | O32: =M32-N32 -> 0 | P32: =P3/P18 -> 7131.8421 | Q32: =N32-P32 -> 2185.5492 | W32: Mar-25 | X32: =X3/X18 -> 10584.625 | Y32: =Y3/Y18 -> 10584.625 | Z32: =X32-Y32 -> 0 | AA32: - | AB32: - | AH32: Mar-25 | AI32: =AI3/AI18 -> 5695.8333 | AJ32: =AJ3/AJ18 -> 5695.8333 | AK32: =AI32-AJ32 -> 0 | AL32: =AL3/AL18 -> 4817.499 | AM32: =AJ32-AL32 -> 878.33433 | AS32: Mar-25 | AT32: =AT3/AT18 -> 7150 | AU32: =AU3/AU18 -> 7150 | AV32: =AT32-AU32 -> 0 | AW32: =AW3/AW18 -> 4768.4714 | AX32: =AU32-AW32 -> 2381.5286 | BD32: Mar-25 | BE32: =BE3/BE18 -> 4829.4059 | BF32: =BF3/BF18 -> 4829.4059 | BG32: =BE32-BF32 -> 0 | BH32: =BH3/BH18 -> 4092.1248 | BI32: =BF32-BH32 -> 737.28113 | BO32: Mar-25 | BP32: =BP3/BP18 -> 7941.0289 | BQ32: =BQ3/BQ18 -> 7941.0289 | BR32: =BP32-BQ32 -> 0 | BS32: =BS3/BS18 -> 6459.6371 | BT32: =BQ32-BS32 -> 1481.3917
A33: Apr-25 | B33: =B4/B19 -> 11430 | C33: =C4/C19 -> 11430 | D33: =B33-C33 -> 0 | E33: =E4/E19 -> 7702.3045 | F33: =C33-E33 -> 3727.6955 | L33: Apr-25 | M33: =M4/M19 -> 9449.0383 | N33: =N4/N19 -> 9449.0383 | O33: =M33-N33 -> 0 | P33: =P4/P19 -> 8456.9893 | Q33: =N33-P33 -> 992.04905 | W33: Apr-25 | X33: =X4/X19 -> 8648.75 | Y33: =Y4/Y19 -> 8648.75 | Z33: =X33-Y33 -> 0 | AA33: - | AB33: - | AH33: Apr-25 | AI33: =AI4/AI19 -> 6118.3929 | AJ33: =AJ4/AJ19 -> 6118.3929 | AK33: =AI33-AJ33 -> 0 | AL33: =AL4/AL19 -> 3874.464 | AM33: =AJ33-AL33 -> 2243.9289 | AS33: Apr-25 | AT33: =AT4/AT19 -> 6184.016 | AU33: =AU4/AU19 -> 6184.016 | AV33: =AT33-AU33 -> 0 | AW33: =AW4/AW19 -> 4059.7479 | AX33: =AU33-AW33 -> 2124.2681 | BD33: Apr-25 | BE33: =BE4/BE19 -> 5315.8757 | BF33: =BF4/BF19 -> 5315.8757 | BG33: =BE33-BF33 -> 0 | BH33: =BH4/BH19 -> 3305.5207 | BI33: =BF33-BH33 -> 2010.355 | BO33: Apr-25 | BP33: =BP4/BP19 -> 7780.918 | BQ33: =BQ4/BQ19 -> 7780.918 | BR33: =BP33-BQ33 -> 0 | BS33: =BS4/BS19 -> 6439.5973 | BT33: =BQ33-BS33 -> 1341.3207
A34: May-25 | B34: =B5/B20 -> 7682.8125 | C34: =C5/C20 -> 7682.8125 | D34: =B34-C34 -> 0 | E34: =E5/E20 -> 7311.63 | F34: =C34-E34 -> 371.1825 | L34: May-25 | M34: =M5/M20 -> 4882.7386 | N34: =N5/N20 -> 4882.7386 | O34: =M34-N34 -> 0 | P34: =P5/P20 -> 6043.2736 | Q34: =N34-P34 -> -1160.5351 | W34: May-25 | X34: =X5/X20 -> 7177.5 | Y34: =Y5/Y20 -> 7177.5 | Z34: =X34-Y34 -> 0 | AA34: =AA5/AA20 -> 13000 | AB34: =Y34-AA34 -> -5822.5 | AH34: May-25 | AI34: =AI5/AI20 -> 3843.8125 | AJ34: =AJ5/AJ20 -> 3843.8125 | AK34: =AI34-AJ34 -> 0 | AL34: =AL5/AL20 -> 4350 | AM34: =AJ34-AL34 -> -506.1875 | AS34: May-25 | AT34: =AT5/AT20 -> 4927.725 | AU34: =AU5/AU20 -> 4927.725 | AV34: =AT34-AU34 -> 0 | AW34: =AW5/AW20 -> 5009.3229 | AX34: =AU34-AW34 -> -81.597857 | BD34: May-25 | BE34: =BE5/BE20 -> 3047.402 | BF34: =BF5/BF20 -> 3047.402 | BG34: =BE34-BF34 -> 0 | BH34: =BH5/BH20 -> 1473.418 | BI34: =BF34-BH34 -> 1573.984 | BO34: May-25 | BP34: =BP5/BP20 -> 5015.7365 | BQ34: =BQ5/BQ20 -> 5015.7365 | BR34: =BP34-BQ34 -> 0 | BS34: =BS5/BS20 -> 5948.8164 | BT34: =BQ34-BS34 -> -933.07984
A35: Jun-25 | B35: =B6/B21 -> 5398.25 | C35: =C6/C21 -> 5398.25 | D35: =B35-C35 -> 0 | E35: =E6/E21 -> 5475.28 | F35: =C35-E35 -> -77.03 | L35: Jun-25 | M35: =M6/M21 -> 6573.8906 | N35: =N6/N21 -> 6573.8906 | O35: =M35-N35 -> 0 | P35: 0 | Q35: =N35-P35 -> 6573.8906 | W35: Jun-25 | X35: =X6/X21 -> 7787.73 | Y35: =Y6/Y21 -> 7787.73 | Z35: =X35-Y35 -> 0 | AA35: =AA6/AA21 -> 7475.99 | AB35: =Y35-AA35 -> 311.74 | AH35: Jun-25 | AI35: =AI6/AI21 -> 3529.1667 | AJ35: =AJ6/AJ21 -> 3529.1667 | AK35: =AI35-AJ35 -> 0 | AL35: =AL6/AL21 -> 3225.08 | AM35: =AJ35-AL35 -> 304.08667 | AS35: Jun-25 | AT35: =AT6/AT21 -> 3748.88 | AU35: =AU6/AU21 -> 3748.88 | AV35: =AT35-AU35 -> 0 | AW35: 0 | AX35: =AU35-AW35 -> 3748.88 | BD35: Jun-25 | BE35: 0 | BF35: 0 | BG35: =BE35-BF35 -> 0 | BH35: =BH6/BH21 -> 2266.6062 | BI35: =BF35-BH35 -> -2266.6062 | BO35: Jun-25 | BP35: =BP6/BP21 -> 5366.4677 | BQ35: =BQ6/BQ21 -> 5366.4677 | BR35: =BP35-BQ35 -> 0 | BS35: =BS6/BS21 -> 3643.3793 | BT35: =BQ35-BS35 -> 1723.0885
A36: Jul-25 | B36: =B7/B22 -> 6000.1057 | C36: =C7/C22 -> 6000.1057 | D36: =B36-C36 -> 0 | E36: =E7/E22 -> 5462.7607 | F36: =C36-E36 -> 537.345 | L36: Jul-25 | M36: =M7/M22 -> 7564.7727 | N36: =N7/N22 -> 7564.7727 | O36: =M36-N36 -> 0 | P36: =P7/P22 -> 5993.206 | Q36: =N36-P36 -> 1571.5667 | W36: Jul-25 | X36: =X7/X22 -> 9334.2857 | Y36: =Y7/Y22 -> 9334.2857 | Z36: =X36-Y36 -> 0 | AA36: =AA7/AA22 -> 5933.3333 | AB36: =Y36-AA36 -> 3400.9524 | AH36: Jul-25 | AI36: =AI7/AI22 -> 4090 | AJ36: =AJ7/AJ22 -> 4090 | AK36: =AI36-AJ36 -> 0 | AL36: =AL7/AL22 -> 3722.2044 | AM36: =AJ36-AL36 -> 367.79556 | AS36: Jul-25 | AT36: =AT7/AT22 -> 4266.635 | AU36: =AU7/AU22 -> 4266.635 | AV36: =AT36-AU36 -> 0 | AW36: =AW7/AW22 -> 4950 | AX36: =AU36-AW36 -> -683.365 | BD36: Jul-25 | BE36: =BE7/BE22 -> 3646.381 | BF36: =BF7/BF22 -> 3646.381 | BG36: =BE36-BF36 -> 0 | BH36: =BH7/BH22 -> 2746.3271 | BI36: =BF36-BH36 -> 900.05386 | BO36: Jul-25 | BP36: =BP7/BP22 -> 5707.2274 | BQ36: =BQ7/BQ22 -> 5707.2274 | BR36: =BP36-BQ36 -> 0 | BS36: =BS7/BS22 -> 4615.6205 | BT36: =BQ36-BS36 -> 1091.6068
A37: Aug-25 | B37: =B8/B23 -> 6005.0648 | C37: =C8/C23 -> 6005.0648 | D37: =B37-C37 -> 0 | E37: =E8/E23 -> 5459.5077 | F37: =C37-E37 -> 545.55707 | L37: Aug-25 | M37: =M8/M23 -> 5928.69 | N37: =N8/N23 -> 5928.69 | O37: =M37-N37 -> 0 | P37: =P8/P23 -> 5850 | Q37: =N37-P37 -> 78.69 | W37: Aug-25 | X37: =X8/X23 -> 600 | Y37: =Y8/Y23 -> 600 | Z37: =X37-Y37 -> 0 | AA37: =AA8/AA23 -> 5370 | AB37: =Y37-AA37 -> -4770 | AH37: Aug-25 | AI37: =AI8/AI23 -> 5307.1429 | AJ37: =AJ8/AJ23 -> 5307.1429 | AK37: =AI37-AJ37 -> 0 | AL37: =AL8/AL23 -> 2992.7867 | AM37: =AJ37-AL37 -> 2314.3562 | AS37: Aug-25 | AT37: =AT8/AT23 -> 4582.9029 | AU37: =AU8/AU23 -> 4582.9029 | AV37: =AT37-AU37 -> 0 | AW37: 0 | AX37: =AU37-AW37 -> 4582.9029 | BD37: Aug-25 | BE37: =BE8/BE23 -> 3285.3173 | BF37: =BF8/BF23 -> 3285.3173 | BG37: =BE37-BF37 -> 0 | BH37: =BH8/BH23 -> 3162.8471 | BI37: =BF37-BH37 -> 122.47025 | BO37: Aug-25 | BP37: =BP8/BP23 -> 4739.8792 | BQ37: =BQ8/BQ23 -> 4739.8792 | BR37: =BP37-BQ37 -> 0 | BS37: =BS8/BS23 -> 4013.5135 | BT37: =BQ37-BS37 -> 726.3657
A38: Sep-25 | B38: =B9/B24 -> 5923.8453 | C38: =C9/C24 -> 5923.8453 | D38: =B38-C38 -> 0 | E38: =E9/E24 -> 6022.2753 | F38: =C38-E38 -> -98.42993 | L38: Sep-25 | M38: =M9/M24 -> 4847.944 | N38: =N9/N24 -> 4847.944 | O38: =M38-N38 -> 0 | P38: =P9/P24 -> 7458.252 | Q38: =N38-P38 -> -2610.308 | W38: Sep-25 | X38: =X9/X24 -> 4123.5375 | Y38: =Y9/Y24 -> 4123.5375 | Z38: =X38-Y38 -> 0 | AA38: =AA9/AA24 -> 4243.3333 | AB38: =Y38-AA38 -> -119.79583 | AH38: Sep-25 | AI38: 0 | AJ38: 0 | AK38: =AI38-AJ38 -> 0 | AL38: =AL9/AL24 -> 3529.4533 | AM38: =AJ38-AL38 -> -3529.4533 | AS38: Sep-25 | AT38: =AT9/AT24 -> 4334.5543 | AU38: =AU9/AU24 -> 4334.5543 | AV38: =AT38-AU38 -> 0 | AW38: =AW9/AW24 -> 4616.6667 | AX38: =AU38-AW38 -> -282.11238 | BD38: Sep-25 | BE38: =BE9/BE24 -> 3270.99 | BF38: =BF9/BF24 -> 3270.99 | BG38: =BE38-BF38 -> 0 | BH38: =BH9/BH24 -> 3523.2083 | BI38: =BF38-BH38 -> -252.21833 | BO38: Sep-25 | BP38: =BP9/BP24 -> 4633.4438 | BQ38: =BQ9/BQ24 -> 4633.4438 | BR38: =BP38-BQ38 -> 0 | BS38: =BS9/BS24 -> 4789.1883 | BT38: =BQ38-BS38 -> -155.7445
A39: Oct-25 | B39: =B10/B25 -> 11077.5 | C39: =C10/C25 -> 11077.5 | D39: =B39-C39 -> 0 | E39: =E10/E25 -> 11325 | F39: =C39-E39 -> -247.5 | L39: Oct-25 | M39: =M10/M25 -> 8511.7745 | N39: =N10/N25 -> 8511.7745 | O39: =M39-N39 -> 0 | P39: =P10/P25 -> 9518.8889 | Q39: =N39-P39 -> -1007.1144 | W39: Oct-25 | X39: =X10/X25 -> 13805 | Y39: =Y10/Y25 -> 13805 | Z39: =X39-Y39 -> 0 | AA39: =AA10/AA25 -> 5240 | AB39: =Y39-AA39 -> 8565 | AH39: Oct-25 | AI39: =AI10/AI25 -> 6160 | AJ39: =AJ10/AJ25 -> 6160 | AK39: =AI39-AJ39 -> 0 | AL39: =AL10/AL25 -> 5750 | AM39: =AJ39-AL39 -> 410 | AS39: Oct-25 | AT39: 0 | AU39: 0 | AV39: =AT39-AU39 -> 0 | AW39: =AW10/AW25 -> 7150 | AX39: =AU39-AW39 -> -7150 | BD39: Oct-25 | BE39: =BE10/BE25 -> 5120.3883 | BF39: =BF10/BF25 -> 5120.3883 | BG39: =BE39-BF39 -> 0 | BH39: =BH10/BH25 -> 5043.75 | BI39: =BF39-BH39 -> 76.638333 | BO39: Oct-25 | BP39: =BP10/BP25 -> 8480.6594 | BQ39: =BQ10/BQ25 -> 8480.6594 | BR39: =BP39-BQ39 -> 0 | BS39: =BS10/BS25 -> 7231.0484 | BT39: =BQ39-BS39 -> 1249.6111
A40: Nov-25 | B40: =B11/B26 -> 10948.109 | C40: =C11/C26 -> 10948.109 | D40: =B40-C40 -> 0 | E40: =E11/E26 -> 11262.5 | F40: =C40-E40 -> -314.3908 | L40: Nov-25 | M40: =M11/M26 -> 8417.6936 | N40: =N11/N26 -> 8417.6936 | O40: =M40-N40 -> 0 | P40: =P11/P26 -> 9223.3182 | Q40: =N40-P40 -> -805.62458 | W40: Nov-25 | X40: =X11/X26 -> 9251.1 | Y40: =Y11/Y26 -> 9251.1 | Z40: =X40-Y40 -> 0 | AA40: =AA11/AA26 -> 8156.25 | AB40: =Y40-AA40 -> 1094.85 | AH40: Nov-25 | AI40: =AI11/AI26 -> 6542.4615 | AJ40: =AJ11/AJ26 -> 6542.4615 | AK40: =AI40-AJ40 -> 0 | AL40: =AL11/AL26 -> 5779.4444 | AM40: =AJ40-AL40 -> 763.01709 | AS40: Nov-25 | AT40: 0 | AU40: 0 | AV40: =AT40-AU40 -> 0 | AW40: =AW11/AW26 -> 6701.3378 | AX40: =AU40-AW40 -> -6701.3378 | BD40: Nov-25 | BE40: =BE11/BE26 -> 5145.3 | BF40: =BF11/BF26 -> 5145.3 | BG40: =BE40-BF40 -> 0 | BH40: =BH11/BH26 -> 4927.5 | BI40: =BF40-BH40 -> 217.8 | BO40: Nov-25 | BP40: =BP11/BP26 -> 7933.8867 | BQ40: =BQ11/BQ26 -> 7933.8867 | BR40: =BP40-BQ40 -> 0 | BS40: =BS11/BS26 -> 8075.8144 | BT40: =BQ40-BS40 -> -141.92767
A41: Dec-25 | B41: =B12/B27 -> 11430.702 | C41: =C12/C27 -> 11430.702 | D41: =B41-C41 -> 0 | E41: =E12/E27 -> 11638.75 | F41: =C41-E41 -> -208.04846 | L41: Dec-25 | M41: =M12/M27 -> 9734.3207 | N41: =N12/N27 -> 9734.3207 | O41: =M41-N41 -> 0 | P41: =P12/P27 -> 10972.5 | Q41: =N41-P41 -> -1238.1793 | W41: Dec-25 | X41: =X12/X27 -> 11784.269 | Y41: =Y12/Y27 -> 11784.269 | Z41: =X41-Y41 -> 0 | AA41: =AA12/AA27 -> 12643.368 | AB41: =Y41-AA41 -> -859.09967 | AH41: Dec-25 | AI41: =AI12/AI27 -> 7916.3333 | AJ41: =AJ12/AJ27 -> 7916.3333 | AK41: =AI41-AJ41 -> 0 | AL41: =AL12/AL27 -> 6653.3333 | AM41: =AJ41-AL41 -> 1263 | AS41: Dec-25 | AT41: =AT12/AT27 -> 7631.975 | AU41: =AU12/AU27 -> 7631.975 | AV41: =AT41-AU41 -> 0 | AW41: =AW12/AW27 -> 7031.8142 | AX41: =AU41-AW41 -> 600.16077 | BD41: Dec-25 | BE41: =BE12/BE27 -> 5553.9152 | BF41: =BF12/BF27 -> 5553.9152 | BG41: =BE41-BF41 -> 0 | BH41: =BH12/BH27 -> 5802.1154 | BI41: =BF41-BH41 -> -248.2002 | BO41: Dec-25 | BP41: =BP12/BP27 -> 8872.2163 | BQ41: =BQ12/BQ27 -> 8872.2163 | BR41: =BP41-BQ41 -> 0 | BS41: =BS12/BS27 -> 8774.3874 | BT41: =BQ41-BS41 -> 97.82894
A42: Jan-26 | B42: =B13/B28 -> 11041.644 | C42: =C13/C28 -> 11041.644 | D42: =B42-C42 -> 0 | E42: =E13/E28 -> 10906.986 | F42: =C42-E42 -> 134.65807 | L42: Jan-26 | M42: =M13/M28 -> 8791.6129 | N42: =N13/N28 -> 8791.6129 | O42: =M42-N42 -> 0 | P42: =P13/P28 -> 10049.214 | Q42: =N42-P42 -> -1257.6014 | W42: Jan-26 | X42: =X13/X28 -> 10769.922 | Y42: =Y13/Y28 -> 10769.922 | Z42: =X42-Y42 -> 0 | AA42: =AA13/AA28 -> 10634.483 | AB42: =Y42-AA42 -> 135.43957 | AH42: Jan-26 | AI42: =AI13/AI28 -> 6513.1294 | AJ42: =AJ13/AJ28 -> 6513.1294 | AK42: =AI42-AJ42 -> 0 | AL42: =AL13/AL28 -> 6400 | AM42: =AJ42-AL42 -> 113.12935 | AS42: Jan-26 | AT42: =AT13/AT28 -> 7633.4119 | AU42: =AU13/AU28 -> 7633.4119 | AV42: =AT42-AU42 -> 0 | AW42: =AW13/AW28 -> 7103.2613 | AX42: =AU42-AW42 -> 530.1506 | BD42: Jan-26 | BE42: =BE13/BE28 -> 5392.168 | BF42: =BF13/BF28 -> 5392.168 | BG42: =BE42-BF42 -> 0 | BH42: =BH13/BH28 -> 5010.1976 | BI42: =BF42-BH42 -> 381.97041 | BO42: Jan-26 | BP42: =BP13/BP28 -> 8428.2807 | BQ42: =BQ13/BQ28 -> 8428.2807 | BR42: =BP42-BQ42 -> 0 | BS42: =BS13/BS28 -> 8292.8335 | BT42: =BQ42-BS42 -> 135.44726
A43: Feb-26 | B43: =B14/B29 -> 11300.463 | C43: =C14/C29 -> 11300.463 | D43: =B43-C43 -> 0 | E43: =E14/E29 -> 11250 | F43: =C43-E43 -> 50.462963 | L43: Feb-26 | M43: =M14/M29 -> 8183.396 | N43: =N14/N29 -> 8183.396 | O43: =M43-N43 -> 0 | P43: =P14/P29 -> 9619.2308 | Q43: =N43-P43 -> -1435.8348 | W43: Feb-26 | X43: =X14/X29 -> 10515.656 | Y43: =Y14/Y29 -> 10515.656 | Z43: =X43-Y43 -> 0 | AA43: =AA14/AA29 -> 10342.391 | AB43: =Y43-AA43 -> 173.26478 | AH43: Feb-26 | AI43: =AI14/AI29 -> 5559.8685 | AJ43: =AJ14/AJ29 -> 5559.8685 | AK43: =AI43-AJ43 -> 0 | AL43: =AL14/AL29 -> 5867.3913 | AM43: =AJ43-AL43 -> -307.52279 | AS43: Feb-26 | AT43: =AT14/AT29 -> 7480 | AU43: =AU14/AU29 -> 7480 | AV43: =AT43-AU43 -> 0 | AW43: =AW14/AW29 -> 5117.7458 | AX43: =AU43-AW43 -> 2362.2542 | BD43: Feb-26 | BE43: =BE14/BE29 -> 4976.6825 | BF43: =BF14/BF29 -> 4875.5638 | BG43: =BE43-BF43 -> 101.11875 | BH43: =BH14/BH29 -> 5211.9323 | BI43: =BF43-BH43 -> -336.36856 | BO43: Feb-26 | BP43: =BP14/BP29 -> 8089.5684 | BQ43: =BQ14/BQ29 -> 8070.7556 | BR43: =BP43-BQ43 -> 18.812791 | BS43: =BS14/BS29 -> 7741.151 | BT43: =BQ43-BS43 -> 329.60458

Sheet 2026-7 F
A1: Tugela | Financial Year | 2026/27 | M1: Explorer's Club | Financial Year | 2026/27 | Y1: The Library | Financial Year | 2026/27 | AK1: Tockie's Cottage | Financial Year | 2026/27 | AW1: Kumbuk House | Financial Year | 2026/27 | BI1: Cook's Cottage | Financial Year | 2026/27 | BU1: The Cockpit | Financial Year | 2026/27 | CG1: Franschhoek | Financial Year | 2026/27
B2: OTB @ 13 Aug 2026 | C2: OTB @ 30 Jul 2026 | D2: Variance | E2: Last Year Actual | F2: OTB vs LY | N2: OTB @ 13 Aug 2026 | O2: OTB @ 30 Jul 2026 | P2: Variance | Q2: Last Year Actual | R2: OTB vs LY | Z2: OTB @ 13 Aug 2026 | AA2: OTB @ 30 Jul 2026 | AB2: Variance | AC2: Last Year Actual | AD2: OTB vs LY | AL2: OTB @ 13 Aug 2026 | AM2: OTB @ 30 Jul 2026 | AN2: Variance | AO2: Last Year Actual | AP2: OTB vs LY | AX2: OTB @ 13 Aug 2026 | AY2: OTB @ 30 Jul 2026 | AZ2: Variance | BA2: Last Year Actual | BB2: OTB vs LY | BJ2: OTB @ 13 Aug 2026 | BK2: OTB @ 30 Jul 2026 | BL2: Variance | BM2: Last Year Actual | BN2: OTB vs LY | BV2: OTB @ 13 Aug 2026 | BW2: OTB @ 30 Jul 2026 | BX2: Variance | BY2: Last Year Actual | BZ2: OTB vs LY | CH2: OTB @ 13 Aug 2026 | CI2: OTB @ 30 Jul 2026 | CJ2: Variance | CK2: Last Year Actual | CL2: OTB vs LY
A3: Mar-26 | B3: 193417 | C3: 193417 | D3: - | E3: 286407.56 | F3: =B3-E3 -> -92990.56 | M3: Mar-26 | N3: 233716 | O3: 233716 | P3: - | Q3: 214300 | R3: =N3-Q3 -> 19416 | Y3: Mar-26 | Z3: 209477 | AA3: 209477 | AB3: - | AC3: 169354 | AD3: =Z3-AC3 -> 40123 | AK3: Mar-26 | AL3: 150961 | AM3: 150961 | AN3: - | AO3: 136700 | AP3: =AL3-AO3 -> 14261 | AW3: Mar-26 | AX3: 0 | AY3: 0 | AZ3: - | BA3: 42900 | BB3: =AX3-BA3 -> -42900 | BI3: Mar-26 | BJ3: 110761 | BK3: 110761 | BL3: - | BM3: 130393.96 | BN3: =BJ3-BM3 -> -19632.96 | BU3: Mar-26 | BX3: - | BZ3: =BV3-BY3 -> 0 | CG3: Mar-26 | CH3: =B3+N3+Z3+AL3+AX3+BJ3+BV3 -> 898332 | CI3: =C3+O3+AA3+AM3+AY3+BK3+BW3 -> 898332 | CJ3: - | CK3: =E3+Q3+AC3+AO3+BA3+BM3+BY3 -> 980055.52 | CL3: =CH3-CK3 -> -81723.52
A4: Apr-26 | B4: 142941.78 | C4: 142941.78 | D4: - | E4: 228600 | F4: =B4-E4 -> -85658.22 | M4: Apr-26 | N4: 138057.5 | O4: 138057.5 | P4: - | Q4: 226776.92 | R4: =N4-Q4 -> -88719.42 | Y4: Apr-26 | Z4: 131430.48 | AA4: 131430.48 | AB4: - | AC4: 30525 | AD4: =Z4-AC4 -> 100905.48 | AK4: Apr-26 | AL4: 56101.45 | AM4: 56101.45 | AN4: - | AO4: 150623.62 | AP4: =AL4-AO4 -> -94522.17 | AW4: Apr-26 | AX4: 0 | AY4: 0 | AZ4: - | BA4: 94905.24 | BB4: =AX4-BA4 -> -94905.24 | BI4: Apr-26 | BJ4: 101965.72 | BK4: 101965.72 | BL4: - | BM4: 111633.39 | BN4: =BJ4-BM4 -> -9667.67 | BU4: Apr-26 | BX4: - | BZ4: =BV4-BY4 -> 0 | CG4: Apr-26 | CH4: =B4+N4+Z4+AL4+AX4+BJ4+BV4 -> 570496.93 | CI4: =C4+O4+AA4+AM4+AY4+BK4+BW4 -> 570496.93 | CJ4: - | CK4: =E4+Q4+AC4+AO4+BA4+BM4+BY4 -> 843064.17 | CL4: =CH4-CK4 -> -272567.24
A5: May-26 | B5: 84490.41 | C5: 84490.41 | D5: - | E5: 122925 | F5: =B5-E5 -> -38434.59 | M5: May-26 | N5: 107971.7 | O5: 107971.7 | P5: - | Q5: 68358.34 | R5: =N5-Q5 -> 39613.36 | Y5: May-26 | Z5: 29853.06 | AA5: 29853.06 | AB5: - | AC5: 43065 | AD5: =Z5-AC5 -> -13211.94 | AK5: May-26 | AL5: 26377.84 | AM5: 26377.84 | AN5: - | AO5: 46125.75 | AP5: =AL5-AO5 -> -19747.91 | AW5: May-26 | AX5: 0 | AY5: 0 | AZ5: - | BA5: 19710.9 | BB5: =AX5-BA5 -> -19710.9 | BI5: May-26 | BJ5: 9874.56 | BK5: 9874.56 | BL5: - | BM5: 60948.04 | BN5: =BJ5-BM5 -> -51073.48 | BU5: May-26 | BX5: - | BZ5: =BV5-BY5 -> 0 | CG5: May-26 | CH5: =B5+N5+Z5+AL5+AX5+BJ5+BV5 -> 258567.57 | CI5: =C5+O5+AA5+AM5+AY5+BK5+BW5 -> 258567.57 | CJ5: - | CK5: =E5+Q5+AC5+AO5+BA5+BM5+BY5 -> 361133.03 | CL5: =CH5-CK5 -> -102565.46
A6: Jun-26 | B6: 37748.6 | C6: 37748.6 | D6: - | E6: 53982.5 | F6: =B6-E6 -> -16233.9 | M6: Jun-26 | N6: 12420.2 | O6: 12420.2 | P6: - | Q6: 105182.25 | R6: =N6-Q6 -> -92762.05 | Y6: Jun-26 | Z6: 53059.97 | AA6: 53059.97 | AB6: - | AC6: 23363.19 | AD6: =Z6-AC6 -> 29696.78 | AK6: Jun-26 | AL6: 0 | AM6: 0 | AN6: - | AO6: 42350 | AP6: =AL6-AO6 -> -42350 | AW6: Jun-26 | AX6: 0 | AY6: 0 | AZ6: - | BA6: 11246.64 | BB6: =AX6-BA6 -> -11246.64 | BI6: Jun-26 | BJ6: 8698 | BK6: 8698 | BL6: - | BM6: 0 | BN6: =BJ6-BM6 -> 8698 | BU6: Jun-26 | BX6: - | BZ6: =BV6-BY6 -> 0 | CG6: Jun-26 | CH6: =B6+N6+Z6+AL6+AX6+BJ6+BV6 -> 111926.77 | CI6: =C6+O6+AA6+AM6+AY6+BK6+BW6 -> 111926.77 | CJ6: =CH6-CI6 -> 0 | CK6: =E6+Q6+AC6+AO6+BA6+BM6+BY6 -> 236124.58 | CL6: =CH6-CK6 -> -124197.81
A7: Jul-26 | B7: 58684 | C7: 58684 | D7: =B7-C7 -> 0 | E7: 84001.48 | F7: =B7-E7 -> -25317.48 | M7: Jul-26 | N7: 30979.74 | O7: 30779.74 | P7: =N7-O7 -> 200 | Q7: 83212.5 | R7: =N7-Q7 -> -52232.76 | Y7: Jul-26 | Z7: 25619.28 | AA7: 25019.28 | AB7: =Z7-AA7 -> 600 | AC7: 65340 | AD7: =Z7-AC7 -> -39720.72 | AK7: Jul-26 | AL7: 29145.22 | AM7: 29145.22 | AN7: =AL7-AM7 -> 0 | AO7: 44990 | AP7: =AL7-AO7 -> -15844.78 | AW7: Jul-26 | AX7: 0 | AY7: 0 | AZ7: =AX7-AY7 -> 0 | BA7: 34133.08 | BB7: =AX7-BA7 -> -34133.08 | BI7: Jul-26 | BJ7: 69148.925 | BK7: 69115.87 | BL7: =BJ7-BK7 -> 33.055 | BM7: 36463.81 | BN7: =BJ7-BM7 -> 32685.115 | BU7: Jul-26 | BX7: =BV7-BW7 -> 0 | BZ7: =BV7-BY7 -> 0 | CG7: Jul-26 | CH7: =B7+N7+Z7+AL7+AX7+BJ7+BV7 -> 213577.16 | CI7: =C7+O7+AA7+AM7+AY7+BK7+BW7 -> 212744.11 | CJ7: =CH7-CI7 -> 833.055 | CK7: =E7+Q7+AC7+AO7+BA7+BM7+BY7 -> 348140.87 | CL7: =CH7-CK7 -> -134563.71
A8: Aug-26 | B8: 95953.56 | C8: 95953.56 | D8: =B8-C8 -> 0 | E8: 126106.36 | F8: =B8-E8 -> -30152.8 | M8: Aug-26 | N8: 62679.74 | O8: 33925.4 | P8: =N8-O8 -> 28754.34 | Q8: 65215.59 | R8: =N8-Q8 -> -2535.85 | Y8: Aug-26 | Z8: 10082.98 | AA8: 0 | AB8: =Z8-AA8 -> 10082.98 | AC8: 3000 | AD8: =Z8-AC8 -> 7082.98 | AK8: Aug-26 | AL8: 9074.68 | AM8: 26226.26 | AN8: =AL8-AM8 -> -17151.58 | AO8: 37150 | AP8: =AL8-AO8 -> -28075.32 | AW8: Aug-26 | AX8: 0 | AY8: 0 | AZ8: =AX8-AY8 -> 0 | BA8: 32080.32 | BB8: =AX8-BA8 -> -32080.32 | BI8: Aug-26 | BJ8: 28264.8 | BK8: 28231.74 | BL8: =BJ8-BK8 -> 33.06 | BM8: 49279.76 | BN8: =BJ8-BM8 -> -21014.96 | BU8: Aug-26 | BX8: =BV8-BW8 -> 0 | BZ8: =BV8-BY8 -> 0 | CG8: Aug-26 | CH8: =B8+N8+Z8+AL8+AX8+BJ8+BV8 -> 206055.76 | CI8: =C8+O8+AA8+AM8+AY8+BK8+BW8 -> 184336.96 | CJ8: =CH8-CI8 -> 21718.8 | CK8: =E8+Q8+AC8+AO8+BA8+BM8+BY8 -> 312832.03 | CL8: =CH8-CK8 -> -106776.27
A9: Sep-26 | B9: 129254.3 | C9: 139589.9 | D9: =B9-C9 -> -10335.6 | E9: 88857.68 | F9: =B9-E9 -> 40396.62 | M9: Sep-26 | N9: 31975.4 | O9: 31975.4 | P9: =N9-O9 -> 0 | Q9: 72719.16 | R9: =N9-Q9 -> -40743.76 | Y9: Sep-26 | Z9: 0 | AA9: 0 | AB9: =Z9-AA9 -> 0 | AC9: 16494.15 | AD9: =Z9-AC9 -> -16494.15 | AK9: Sep-26 | AL9: 56287.95 | AM9: 56287.95 | AN9: =AL9-AM9 -> 0 | AO9: 0 | AP9: =AL9-AO9 -> 56287.95 | AW9: Sep-26 | AX9: 0 | AY9: 0 | AZ9: =AX9-AY9 -> 0 | BA9: 60683.76 | BB9: =AX9-BA9 -> -60683.76 | BI9: Sep-26 | BJ9: 34311.33 | BK9: 34311.33 | BL9: =BJ9-BK9 -> 0 | BM9: 39251.88 | BN9: =BJ9-BM9 -> -4940.55 | BU9: Sep-26 | BX9: =BV9-BW9 -> 0 | BZ9: =BV9-BY9 -> 0 | CG9: Sep-26 | CH9: =B9+N9+Z9+AL9+AX9+BJ9+BV9 -> 251828.98 | CI9: =C9+O9+AA9+AM9+AY9+BK9+BW9 -> 262164.58 | CJ9: =CH9-CI9 -> -10335.6 | CK9: =E9+Q9+AC9+AO9+BA9+BM9+BY9 -> 278006.63 | CL9: =CH9-CK9 -> -26177.65
A10: Oct-26 | B10: 68161.5 | C10: 88832.7 | D10: =B10-C10 -> -20671.2 | E10: 243405 | F10: =B10-E10 -> -175243.5 | M10: Oct-26 | N10: 25423.05 | O10: 25423.05 | P10: =N10-O10 -> 0 | Q10: 170235.49 | R10: =N10-Q10 -> -144812.44 | Y10: Oct-26 | Z10: 0 | AA10: 0 | AB10: =Z10-AA10 -> 0 | AC10: 55220 | AD10: =Z10-AC10 -> -55220 | AK10: Oct-26 | AL10: 16511.25 | AM10: 16511.25 | AN10: =AL10-AM10 -> 0 | AO10: 49280 | AP10: =AL10-AO10 -> -32768.75 | AW10: Oct-26 | AX10: 33822.58 | AY10: 33822.58 | AZ10: =AX10-AY10 -> 0 | BA10: 0 | BB10: =AX10-BA10 -> 33822.58 | BI10: Oct-26 | BJ10: 16660.08 | BK10: 16660.08 | BL10: =BJ10-BK10 -> 0 | BM10: 92166.99 | BN10: =BJ10-BM10 -> -75506.91 | BU10: Oct-26 | BX10: =BV10-BW10 -> 0 | BZ10: =BV10-BY10 -> 0 | CG10: Oct-26 | CH10: =B10+N10+Z10+AL10+AX10+BJ10+BV10 -> 160578.46 | CI10: =C10+O10+AA10+AM10+AY10+BK10+BW10 -> 181249.66 | CJ10: =CH10-CI10 -> -20671.2 | CK10: =E10+Q10+AC10+AO10+BA10+BM10+BY10 -> 610307.48 | CL10: =CH10-CK10 -> -449729.02
A11: Nov-26 | B11: 228407.86 | C11: 228407.86 | D11: =B11-C11 -> 0 | E11: 273702.73 | F11: =B11-E11 -> -45294.87 | M11: Nov-26 | N11: 36096.72 | O11: 29524.65 | P11: =N11-O11 -> 6572.07 | Q11: 210442.34 | R11: =N11-Q11 -> -174345.62 | Y11: Nov-26 | Z11: 16500 | AA11: 16500 | AB11: =Z11-AA11 -> 0 | AC11: 129515.4 | AD11: =Z11-AC11 -> -113015.4 | AK11: Nov-26 | AL11: 112580.41 | AM11: 112580.41 | AN11: =AL11-AM11 -> 0 | AO11: 170104 | AP11: =AL11-AO11 -> -57523.59 | AW11: Nov-26 | AX11: 89968.68 | AY11: 89968.68 | AZ11: =AX11-AY11 -> 0 | BA11: 0 | BB11: =AX11-BA11 -> 89968.68 | BI11: Nov-26 | BJ11: 122900.7 | BK11: 105188.58 | BL11: =BJ11-BK11 -> 17712.12 | BM11: 128632.5 | BN11: =BJ11-BM11 -> -5731.8 | BU11: Nov-26 | BX11: =BV11-BW11 -> 0 | BZ11: =BV11-BY11 -> 0 | CG11: Nov-26 | CH11: =B11+N11+Z11+AL11+AX11+BJ11+BV11 -> 606454.37 | CI11: =C11+O11+AA11+AM11+AY11+BK11+BW11 -> 582170.18 | CJ11: =CH11-CI11 -> 24284.19 | CK11: =E11+Q11+AC11+AO11+BA11+BM11+BY11 -> 912396.97 | CL11: =CH11-CK11 -> -305942.6
A12: Dec-26 | B12: 261665.32 | C12: 261665.32 | D12: =B12-C12 -> 0 | E12: 294798.75 | F12: =B12-E12 -> -33133.43 | M12: Dec-26 | N12: 242469.09 | O12: 242469.09 | P12: =N12-O12 -> 0 | Q12: 282295.3 | R12: =N12-Q12 -> -39826.21 | Y12: Dec-26 | Z12: 271231.56 | AA12: 271231.56 | AB12: =Z12-AA12 -> 0 | AC12: 129789 | AD12: =Z12-AC12 -> 141442.56 | AK12: Dec-26 | AL12: 188681.28 | AM12: 188681.28 | AN12: =AL12-AM12 -> 0 | AO12: 237490 | AP12: =AL12-AO12 -> -48808.72 | AW12: Dec-26 | AX12: 142196.62 | AY12: 142196.62 | AZ12: =AX12-AY12 -> 0 | BA12: 122111.6 | BB12: =AX12-BA12 -> 20085.02 | BI12: Dec-26 | BJ12: 76064.4 | BK12: 76064.4 | BL12: =BJ12-BK12 -> 0 | BM12: 149955.71 | BN12: =BJ12-BM12 -> -73891.31 | BU12: Dec-26 | BX12: =BV12-BW12 -> 0 | BZ12: =BV12-BY12 -> 0 | CG12: Dec-26 | CH12: =B12+N12+Z12+AL12+AX12+BJ12+BV12 -> 1182308.3 | CI12: =C12+O12+AA12+AM12+AY12+BK12+BW12 -> 1182308.3 | CJ12: =CH12-CI12 -> 0 | CK12: =E12+Q12+AC12+AO12+BA12+BM12+BY12 -> 1216440.4 | CL12: =CH12-CK12 -> -34132.09
A13: Jan-27 | B13: 136776.15 | C13: 136776.15 | D13: =B13-C13 -> 0 | E13: 350350.01 | F13: =B13-E13 -> -213573.86 | M13: Jan-27 | N13: 176188.2 | O13: 176188.2 | P13: =N13-O13 -> 0 | Q13: 259412 | R13: =N13-Q13 -> -83223.8 | Y13: Jan-27 | Z13: 335943.34 | AA13: 335943.34 | AB13: =Z13-AA13 -> 0 | AC13: 301165.67 | AD13: =Z13-AC13 -> 34777.675 | AK13: Jan-27 | AL13: 176256.97 | AM13: 176256.97 | AN13: =AL13-AM13 -> 0 | AO13: 203122.01 | AP13: =AL13-AO13 -> -26865.036 | AW13: Jan-27 | AX13: 191191.06 | AY13: 145998.86 | AZ13: =AX13-AY13 -> 45192.2 | BA13: 236635.77 | BB13: =AX13-BA13 -> -45444.71 | BI13: Jan-27 | BJ13: 106596.54 | BK13: 106596.54 | BL13: =BJ13-BK13 -> 0 | BM13: 134804.2 | BN13: =BJ13-BM13 -> -28207.66 | BU13: Jan-27 | BV13: 74250 | BX13: =BV13-BW13 -> 74250 | BZ13: =BV13-BY13 -> 74250 | CG13: Jan-27 | CH13: =B13+N13+Z13+AL13+AX13+BJ13+BV13 -> 1197202.3 | CI13: =C13+O13+AA13+AM13+AY13+BK13+BW13 -> 1077760.1 | CJ13: =CH13-CI13 -> 119442.2 | CK13: =E13+Q13+AC13+AO13+BA13+BM13+BY13 -> 1485489.7 | CL13: =CH13-CK13 -> -288287.39
A14: Feb-27 | B14: 291490.65 | C14: 291490.65 | D14: =B14-C14 -> 0 | E14: 305112.51 | F14: =B14-E14 -> -13621.86 | M14: Feb-27 | N14: 192437.41 | O14: 192437.41 | P14: =N14-O14 -> 0 | Q14: 194738.9 | R14: =N14-Q14 -> -2301.49 | Y14: Feb-27 | Z14: 209040.34 | AA14: 209040.34 | AB14: =Z14-AA14 -> 0 | AC14: 241860.09 | AD14: =Z14-AC14 -> -32819.75 | AK14: Feb-27 | AL14: 167771.41 | AM14: 167771.41 | AN14: =AL14-AM14 -> 0 | AO14: 147335.6 | AP14: =AL14-AO14 -> 20435.81 | AW14: Feb-27 | AX14: 0 | AY14: 0 | AZ14: =AX14-AY14 -> 0 | BA14: 22440 | BB14: =AX14-BA14 -> -22440 | BI14: Feb-27 | BJ14: 62278.48 | BK14: 62278.48 | BL14: =BJ14-BK14 -> 0 | BM14: 130924.8 | BN14: =BJ14-BM14 -> -68646.32 | BU14: Feb-27 | BV14: 113850 | BX14: =BV14-BW14 -> 113850 | BZ14: =BV14-BY14 -> 113850 | CG14: Feb-27 | CH14: =B14+N14+Z14+AL14+AX14+BJ14+BV14 -> 1036868.3 | CI14: =C14+O14+AA14+AM14+AY14+BK14+BW14 -> 923018.29 | CJ14: =CH14-CI14 -> 113850 | CK14: =E14+Q14+AC14+AO14+BA14+BM14+BY14 -> 1042411.9 | CL14: =CH14-CK14 -> -5543.61
A15: TOTAL | B15: =SUM(B3:B14) -> 1728991.1 | C15: =SUM(C3:C14) -> 1759997.9 | D15: =B15-C15 -> -31006.8 | E15: =SUM(E3:E14) -> 2458249.6 | F15: =B15-E15 -> -729258.45 | M15: TOTAL | N15: =SUM(N3:N14) -> 1290414.8 | O15: =SUM(O3:O14) -> 1254888.3 | P15: =N15-O15 -> 35526.41 | Q15: =SUM(Q3:Q14) -> 1952888.8 | R15: =N15-Q15 -> -662474.04 | Y15: TOTAL | Z15: =SUM(Z3:Z14) -> 1292238 | AA15: =SUM(AA3:AA14) -> 1281555 | AB15: =Z15-AA15 -> 10682.98 | AC15: =SUM(AC3:AC14) -> 1208691.5 | AD15: =Z15-AC15 -> 83546.515 | AK15: TOTAL | AL15: =SUM(AL3:AL14) -> 989749.46 | AM15: =SUM(AM3:AM14) -> 1006901 | AN15: =AL15-AM15 -> -17151.58 | AO15: =SUM(AO3:AO14) -> 1265271 | AP15: =AL15-AO15 -> -275521.52 | AW15: TOTAL | AX15: =SUM(AX3:AX14) -> 457178.94 | AY15: =SUM(AY3:AY14) -> 411986.74 | AZ15: =AX15-AY15 -> 45192.2 | BA15: =SUM(BA3:BA14) -> 676847.31 | BB15: =AX15-BA15 -> -219668.37 | BI15: TOTAL | BJ15: =SUM(BJ3:BJ14) -> 747524.54 | BK15: =SUM(BK3:BK14) -> 729746.3 | BL15: =BJ15-BK15 -> 17778.235 | BM15: =SUM(BM3:BM14) -> 1064455 | BN15: =BJ15-BM15 -> -316930.51 | BU15: TOTAL | BV15: =SUM(BV3:BV14) -> 188100 | BW15: =SUM(BW3:BW14) -> 0 | BX15: =BV15-BW15 -> 188100 | BY15: =SUM(BY3:BY14) -> 0 | BZ15: =BV15-BY15 -> 188100 | CG15: TOTAL | CH15: =SUM(CH3:CH14) -> 6694196.8 | CI15: =SUM(CI3:CI14) -> 6445075.4 | CJ15: =CH15-CI15 -> 249121.44 | CK15: =SUM(CK3:CK14) -> 8626403.2 | CL15: =CH15-CK15 -> -1932206.4
A16: Room Nights | G16: Occupancy | M16: Room Nights | S16: Occupancy | Y16: Room Nights | AE16: Occupancy | AK16: Room Nights | AQ16: Occupancy | AW16: Room Nights | BC16: Occupancy | BI16: Room Nights | BO16: Occupancy | BU16: Room Nights | CA16: Occupancy | CG16: Room Nights | CM16: Occupancy
B17: OTB @ 13 Aug 2026 | C17: OTB @ 30 Jul 2026 | D17: Variance | E17: Last Year Actual | F17: OTB vs LY | G17: OTB @ 13 Aug 2026 | H17: OTB @ 30 Jul 2026 | I17: Variance | J17: Last Year Actual | K17: OTB vs LY | N17: OTB @ 13 Aug 2026 | O17: OTB @ 30 Jul 2026 | P17: Variance | Q17: Last Year Actual | R17: OTB vs LY | S17: OTB @ 13 Aug 2026 | T17: OTB @ 30 Jul 2026 | U17: Variance | V17: Last Year Actual | W17: OTB vs LY | Z17: OTB @ 13 Aug 2026 | AA17: OTB @ 30 Jul 2026 | AB17: Variance | AC17: Last Year Actual | AD17: OTB vs LY | AE17: OTB @ 13 Aug 2026 | AF17: OTB @ 30 Jul 2026 | AG17: Variance | AH17: Last Year Actual | AI17: OTB vs LY | AL17: OTB @ 13 Aug 2026 | AM17: OTB @ 30 Jul 2026 | AN17: Variance | AO17: Last Year Actual | AP17: OTB vs LY | AQ17: OTB @ 13 Aug 2026 | AR17: OTB @ 30 Jul 2026 | AS17: Variance | AT17: Last Year Actual | AU17: OTB vs LY | AX17: OTB @ 13 Aug 2026 | AY17: OTB @ 30 Jul 2026 | AZ17: Variance | BA17: Last Year Actual | BB17: OTB vs LY | BC17: OTB @ 13 Aug 2026 | BD17: OTB @ 30 Jul 2026 | BE17: Variance | BF17: Last Year Actual | BG17: OTB vs LY | BJ17: OTB @ 13 Aug 2026 | BK17: OTB @ 30 Jul 2026 | BL17: Variance | BM17: Last Year Actual | BN17: OTB vs LY | BO17: OTB @ 13 Aug 2026 | BP17: OTB @ 30 Jul 2026 | BQ17: Variance | BR17: Last Year Actual | BS17: OTB vs LY | BV17: OTB @ 13 Aug 2026 | BW17: OTB @ 30 Jul 2026 | BX17: Variance | BY17: Last Year Actual | BZ17: OTB vs LY | CA17: OTB @ 13 Aug 2026 | CB17: OTB @ 30 Jul 2026 | CC17: Variance | CD17: Last Year Actual | CE17: OTB vs LY | CH17: OTB @ 13 Aug 2026 | CI17: OTB @ 30 Jul 2026 | CJ17: Variance | CK17: Last Year Actual | CL17: OTB vs LY | CM17: OTB @ 13 Aug 2026 | CN17: OTB @ 30 Jul 2026 | CO17: Variance | CP17: Last Year Actual | CQ17: OTB vs LY
A18: Mar-26 | B18: 18 | C18: 18 | D18: - | E18: 26 | F18: =B18-E18 -> -8 | G18: =B18/31 -> 0.58064516 | H18: =C18/31 -> 0.58064516 | I18: - | J18: =E18/31 -> 0.83870968 | K18: =G18-J18 -> -0.25806452 | M18: Mar-26 | N18: 29 | O18: 29 | P18: - | Q18: 23 | R18: =N18-Q18 -> 6 | S18: =N18/31 -> 0.93548387 | T18: =O18/31 -> 0.93548387 | U18: - | V18: =Q18/31 -> 0.74193548 | W18: =S18-V18 -> 0.19354839 | Y18: Mar-26 | Z18: 24 | AA18: 24 | AB18: - | AC18: 16 | AD18: =Z18-AC18 -> 8 | AE18: =Z18/31 -> 0.77419355 | AF18: =AA18/31 -> 0.77419355 | AG18: - | AH18: =AC18/31 -> 0.51612903 | AI18: =AE18-AH18 -> 0.25806452 | AK18: Mar-26 | AL18: 26 | AM18: 26 | AN18: - | AO18: 24 | AP18: =AL18-AO18 -> 2 | AQ18: =AL18/31 -> 0.83870968 | AR18: =AM18/31 -> 0.83870968 | AS18: - | AT18: =AO18/31 -> 0.77419355 | AU18: =AQ18-AT18 -> 0.064516129 | AW18: Mar-26 | AX18: 0 | AY18: 0 | AZ18: - | BA18: 6 | BB18: =AX18-BA18 -> -6 | BC18: =AX18/31 -> 0 | BD18: =AY18/31 -> 0 | BE18: - | BF18: =BA18/31 -> 0.19354839 | BG18: =BC18-BF18 -> -0.19354839 | BI18: Mar-26 | BJ18: 23 | BK18: 23 | BL18: - | BM18: 27 | BN18: =BJ18-BM18 -> -4 | BO18: =BJ18/31 -> 0.74193548 | BP18: =BK18/31 -> 0.74193548 | BQ18: - | BR18: =BM18/31 -> 0.87096774 | BS18: =BO18-BR18 -> -0.12903226 | BU18: Mar-26 | BX18: - | BZ18: =BV18-BY18 -> 0 | CA18: =BV18/31 -> 0 | CB18: =BW18/31 -> 0 | CC18: - | CD18: =BY18/31 -> 0 | CE18: =CA18-CD18 -> 0 | CG18: Mar-26 | CH18: =B18+N18+Z18+AL18+AX18+BJ18+BV18 -> 120 | CI18: =C18+O18+AA18+AM18+AY18+BK18+BW18 -> 120 | CJ18: - | CK18: =E18+Q18+AC18+AO18+BA18+BM18+BY18 -> 122 | CL18: =CH18-CK18 -> -2 | CM18: =CH18/186 -> 0.64516129 | CN18: =CI18/186 -> 0.64516129 | CO18: - | CP18: =CK18/186 -> 0.65591398 | CQ18: =CM18-CP18 -> -0.010752688
A19: Apr-26 | B19: 16 | C19: 16 | D19: - | E19: 20 | F19: =B19-E19 -> -4 | G19: =B19/30 -> 0.53333333 | H19: =C19/30 -> 0.53333333 | I19: - | J19: =E19/30 -> 0.66666667 | K19: =G19-J19 -> -0.13333333 | M19: Apr-26 | N19: 17 | O19: 17 | P19: - | Q19: 24 | R19: =N19-Q19 -> -7 | S19: =N19/30 -> 0.56666667 | T19: =O19/30 -> 0.56666667 | U19: - | V19: =Q19/30 -> 0.8 | W19: =S19-V19 -> -0.23333333 | Y19: Apr-26 | Z19: 20 | AA19: 20 | AB19: - | AC19: 3 | AD19: =Z19-AC19 -> 17 | AE19: =Z19/30 -> 0.66666667 | AF19: =AA19/30 -> 0.66666667 | AG19: - | AH19: =AC19/30 -> 0.1 | AI19: =AE19-AH19 -> 0.56666667 | AK19: Apr-26 | AL19: 11 | AM19: 11 | AN19: - | AO19: 24 | AP19: =AL19-AO19 -> -13 | AQ19: =AL19/30 -> 0.36666667 | AR19: =AM19/30 -> 0.36666667 | AS19: - | AT19: =AO19/30 -> 0.8 | AU19: =AQ19-AT19 -> -0.43333333 | AW19: Apr-26 | AX19: 0 | AY19: 0 | AZ19: - | BA19: 15 | BB19: =AX19-BA19 -> -15 | BC19: =AX19/30 -> 0 | BD19: =AY19/30 -> 0 | BE19: - | BF19: =BA19/30 -> 0.5 | BG19: =BC19-BF19 -> -0.5 | BI19: Apr-26 | BJ19: 17 | BK19: 17 | BL19: - | BM19: 21 | BN19: =BJ19-BM19 -> -4 | BO19: =BJ19/30 -> 0.56666667 | BP19: =BK19/30 -> 0.56666667 | BQ19: - | BR19: =BM19/30 -> 0.7 | BS19: =BO19-BR19 -> -0.13333333 | BU19: Apr-26 | BX19: - | BZ19: =BV19-BY19 -> 0 | CA19: =BV19/30 -> 0 | CB19: =BW19/30 -> 0 | CC19: - | CD19: =BY19/30 -> 0 | CE19: =CA19-CD19 -> 0 | CG19: Apr-26 | CH19: =B19+N19+Z19+AL19+AX19+BJ19+BV19 -> 81 | CI19: =C19+O19+AA19+AM19+AY19+BK19+BW19 -> 81 | CJ19: - | CK19: =E19+Q19+AC19+AO19+BA19+BM19+BY19 -> 107 | CL19: =CH19-CK19 -> -26 | CM19: =CH19/180 -> 0.45 | CN19: =CI19/180 -> 0.45 | CO19: - | CP19: =CK19/180 -> 0.59444444 | CQ19: =CM19-CP19 -> -0.14444444
A20: May-26 | B20: 9 | C20: 9 | D20: - | E20: 16 | F20: =B20-E20 -> -7 | G20: =B20/31 -> 0.29032258 | H20: =C20/31 -> 0.29032258 | I20: - | J20: =E20/31 -> 0.51612903 | K20: =G20-J20 -> -0.22580645 | M20: May-26 | N20: 11 | O20: 11 | P20: - | Q20: 14 | R20: =N20-Q20 -> -3 | S20: =N20/31 -> 0.35483871 | T20: =O20/31 -> 0.35483871 | U20: - | V20: =Q20/31 -> 0.4516129 | W20: =S20-V20 -> -0.096774194 | Y20: May-26 | Z20: 6 | AA20: 6 | AB20: - | AC20: 6 | AD20: =Z20-AC20 -> 0 | AE20: =Z20/31 -> 0.19354839 | AF20: =AA20/31 -> 0.19354839 | AG20: - | AH20: =AC20/31 -> 0.19354839 | AI20: =AE20-AH20 -> 0 | AK20: May-26 | AL20: 5 | AM20: 5 | AN20: - | AO20: 12 | AP20: =AL20-AO20 -> -7 | AQ20: =AL20/31 -> 0.16129032 | AR20: =AM20/31 -> 0.16129032 | AS20: - | AT20: =AO20/31 -> 0.38709677 | AU20: =AQ20-AT20 -> -0.22580645 | AW20: May-26 | AX20: 0 | AY20: 0 | AZ20: - | BA20: 4 | BB20: =AX20-BA20 -> -4 | BC20: =AX20/31 -> 0 | BD20: =AY20/31 -> 0 | BE20: - | BF20: =BA20/31 -> 0.12903226 | BG20: =BC20-BF20 -> -0.12903226 | BI20: May-26 | BJ20: 2 | BK20: 2 | BL20: - | BM20: 20 | BN20: =BJ20-BM20 -> -18 | BO20: =BJ20/31 -> 0.064516129 | BP20: =BK20/31 -> 0.064516129 | BQ20: - | BR20: =BM20/31 -> 0.64516129 | BS20: =BO20-BR20 -> -0.58064516 | BU20: May-26 | BX20: - | BZ20: =BV20-BY20 -> 0 | CA20: =BV20/31 -> 0 | CB20: =BW20/31 -> 0 | CC20: - | CD20: =BY20/31 -> 0 | CE20: =CA20-CD20 -> 0 | CG20: May-26 | CH20: =B20+N20+Z20+AL20+AX20+BJ20+BV20 -> 33 | CI20: =C20+O20+AA20+AM20+AY20+BK20+BW20 -> 33 | CJ20: - | CK20: =E20+Q20+AC20+AO20+BA20+BM20+BY20 -> 72 | CL20: =CH20-CK20 -> -39 | CM20: =CH20/186 -> 0.17741935 | CN20: =CI20/186 -> 0.17741935 | CO20: - | CP20: =CK20/186 -> 0.38709677 | CQ20: =CM20-CP20 -> -0.20967742
A21: Jun-26 | B21: 6 | C21: 6 | D21: - | E21: 10 | F21: =B21-E21 -> -4 | G21: =B21/30 -> 0.2 | H21: =C21/30 -> 0.2 | I21: - | J21: =E21/30 -> 0.33333333 | K21: =G21-J21 -> -0.13333333 | M21: Jun-26 | N21: 2 | O21: 2 | P21: - | Q21: 16 | R21: =N21-Q21 -> -14 | S21: =N21/30 -> 0.066666667 | T21: =O21/30 -> 0.066666667 | U21: - | V21: =Q21/30 -> 0.53333333 | W21: =S21-V21 -> -0.46666667 | Y21: Jun-26 | Z21: 6 | AA21: 6 | AB21: - | AC21: 3 | AD21: =Z21-AC21 -> 3 | AE21: =Z21/30 -> 0.2 | AF21: =AA21/30 -> 0.2 | AG21: - | AH21: =AC21/30 -> 0.1 | AI21: =AE21-AH21 -> 0.1 | AK21: Jun-26 | AL21: 0 | AM21: 0 | AN21: - | AO21: 12 | AP21: =AL21-AO21 -> -12 | AQ21: =AL21/30 -> 0 | AR21: =AM21/30 -> 0 | AS21: - | AT21: =AO21/30 -> 0.4 | AU21: =AQ21-AT21 -> -0.4 | AW21: Jun-26 | AX21: 0 | AY21: 0 | AZ21: - | BA21: 3 | BB21: =AX21-BA21 -> -3 | BC21: =AX21/30 -> 0 | BD21: =AY21/30 -> 0 | BE21: - | BF21: =BA21/30 -> 0.1 | BG21: =BC21-BF21 -> -0.1 | BI21: Jun-26 | BJ21: 2 | BK21: 2 | BL21: - | BM21: 0 | BN21: =BJ21-BM21 -> 2 | BO21: =BJ21/30 -> 0.066666667 | BP21: =BK21/30 -> 0.066666667 | BQ21: - | BR21: =BM21/30 -> 0 | BS21: =BO21-BR21 -> 0.066666667 | BU21: Jun-26 | BX21: - | BZ21: =BV21-BY21 -> 0 | CA21: =BV21/30 -> 0 | CB21: =BW21/30 -> 0 | CC21: - | CD21: =BY21/30 -> 0 | CE21: =CA21-CD21 -> 0 | CG21: Jun-26 | CH21: =B21+N21+Z21+AL21+AX21+BJ21+BV21 -> 16 | CI21: =C21+O21+AA21+AM21+AY21+BK21+BW21 -> 16 | CJ21: =CH21-CI21 -> 0 | CK21: =E21+Q21+AC21+AO21+BA21+BM21+BY21 -> 44 | CL21: =CH21-CK21 -> -28 | CM21: =CH21/180 -> 0.088888889 | CN21: =CI21/180 -> 0.088888889 | CO21: =CM21-CN21 -> 0 | CP21: =CK21/180 -> 0.24444444 | CQ21: =CM21-CP21 -> -0.15555556
A22: Jul-26 | B22: 9 | C22: 9 | D22: =B22-C22 -> 0 | E22: 14 | F22: =B22-E22 -> -5 | G22: =B22/31 -> 0.29032258 | H22: =C22/31 -> 0.29032258 | I22: =G22-H22 -> 0 | J22: =E22/31 -> 0.4516129 | K22: =G22-J22 -> -0.16129032 | M22: Jul-26 | N22: 5 | O22: 5 | P22: =N22-O22 -> 0 | Q22: 11 | R22: =N22-Q22 -> -6 | S22: =N22/31 -> 0.16129032 | T22: =O22/31 -> 0.16129032 | U22: =S22-T22 -> 0 | V22: =Q22/31 -> 0.35483871 | W22: =S22-V22 -> -0.19354839 | Y22: Jul-26 | Z22: 4 | AA22: 4 | AB22: =Z22-AA22 -> 0 | AC22: 7 | AD22: =Z22-AC22 -> -3 | AE22: =Z22/31 -> 0.12903226 | AF22: =AA22/31 -> 0.12903226 | AG22: =AE22-AF22 -> 0 | AH22: =AC22/31 -> 0.22580645 | AI22: =AE22-AH22 -> -0.096774194 | AK22: Jul-26 | AL22: 7 | AM22: 7 | AN22: =AL22-AM22 -> 0 | AO22: 13 | AP22: =AL22-AO22 -> -6 | AQ22: =AL22/31 -> 0.22580645 | AR22: =AM22/31 -> 0.22580645 | AS22: =AQ22-AR22 -> 0 | AT22: =AO22/31 -> 0.41935484 | AU22: =AQ22-AT22 -> -0.19354839 | AW22: Jul-26 | AX22: 0 | AY22: 0 | AZ22: =AX22-AY22 -> 0 | BA22: 8 | BB22: =AX22-BA22 -> -8 | BC22: =AX22/31 -> 0 | BD22: =AY22/31 -> 0 | BE22: =BC22-BD22 -> 0 | BF22: =BA22/31 -> 0.25806452 | BG22: =BC22-BF22 -> -0.25806452 | BI22: Jul-26 | BJ22: 17 | BK22: 17 | BL22: =BJ22-BK22 -> 0 | BM22: 10 | BN22: =BJ22-BM22 -> 7 | BO22: =BJ22/31 -> 0.5483871 | BP22: =BK22/31 -> 0.5483871 | BQ22: =BO22-BP22 -> 0 | BR22: =BM22/31 -> 0.32258065 | BS22: =BO22-BR22 -> 0.22580645 | BU22: Jul-26 | BX22: =BV22-BW22 -> 0 | BZ22: =BV22-BY22 -> 0 | CA22: =BV22/31 -> 0 | CB22: =BW22/31 -> 0 | CC22: =CA22-CB22 -> 0 | CD22: =BY22/31 -> 0 | CE22: =CA22-CD22 -> 0 | CG22: Jul-26 | CH22: =B22+N22+Z22+AL22+AX22+BJ22+BV22 -> 42 | CI22: =C22+O22+AA22+AM22+AY22+BK22+BW22 -> 42 | CJ22: =CH22-CI22 -> 0 | CK22: =E22+Q22+AC22+AO22+BA22+BM22+BY22 -> 63 | CL22: =CH22-CK22 -> -21 | CM22: =CH22/186 -> 0.22580645 | CN22: =CI22/186 -> 0.22580645 | CO22: =CM22-CN22 -> 0 | CP22: =CK22/186 -> 0.33870968 | CQ22: =CM22-CP22 -> -0.11290323
A23: Aug-26 | B23: 13 | C23: 13 | D23: =B23-C23 -> 0 | E23: 21 | F23: =B23-E23 -> -8 | G23: =B23/31 -> 0.41935484 | H23: =C23/31 -> 0.41935484 | I23: =G23-H23 -> 0 | J23: =E23/31 -> 0.67741935 | K23: =G23-J23 -> -0.25806452 | M23: Aug-26 | N23: 11 | O23: 6 | P23: =N23-O23 -> 5 | Q23: 11 | R23: =N23-Q23 -> 0 | S23: =N23/31 -> 0.35483871 | T23: =O23/31 -> 0.19354839 | U23: =S23-T23 -> 0.16129032 | V23: =Q23/31 -> 0.35483871 | W23: =S23-V23 -> 0 | Y23: Aug-26 | Z23: 2 | AA23: 0 | AB23: =Z23-AA23 -> 2 | AC23: 6 | AD23: =Z23-AC23 -> -4 | AE23: =Z23/31 -> 0.064516129 | AF23: =AA23/31 -> 0 | AG23: =AE23-AF23 -> 0.064516129 | AH23: =AC23/31 -> 0.19354839 | AI23: =AE23-AH23 -> -0.12903226 | AK23: Aug-26 | AL23: 2 | AM23: 6 | AN23: =AL23-AM23 -> -4 | AO23: 7 | AP23: =AL23-AO23 -> -5 | AQ23: =AL23/31 -> 0.064516129 | AR23: =AM23/31 -> 0.19354839 | AS23: =AQ23-AR23 -> -0.12903226 | AT23: =AO23/31 -> 0.22580645 | AU23: =AQ23-AT23 -> -0.16129032 | AW23: Aug-26 | AX23: 0 | AY23: 0 | AZ23: =AX23-AY23 -> 0 | BA23: 7 | BB23: =AX23-BA23 -> -7 | BC23: =AX23/31 -> 0 | BD23: =AY23/31 -> 0 | BE23: =BC23-BD23 -> 0 | BF23: =BA23/31 -> 0.22580645 | BG23: =BC23-BF23 -> -0.22580645 | BI23: Aug-26 | BJ23: 8 | BK23: 8 | BL23: =BJ23-BK23 -> 0 | BM23: 15 | BN23: =BJ23-BM23 -> -7 | BO23: =BJ23/31 -> 0.25806452 | BP23: =BK23/31 -> 0.25806452 | BQ23: =BO23-BP23 -> 0 | BR23: =BM23/31 -> 0.48387097 | BS23: =BO23-BR23 -> -0.22580645 | BU23: Aug-26 | BX23: =BV23-BW23 -> 0 | BZ23: =BV23-BY23 -> 0 | CA23: =BV23/31 -> 0 | CB23: =BW23/31 -> 0 | CC23: =CA23-CB23 -> 0 | CD23: =BY23/31 -> 0 | CE23: =CA23-CD23 -> 0 | CG23: Aug-26 | CH23: =B23+N23+Z23+AL23+AX23+BJ23+BV23 -> 36 | CI23: =C23+O23+AA23+AM23+AY23+BK23+BW23 -> 33 | CJ23: =CH23-CI23 -> 3 | CK23: =E23+Q23+AC23+AO23+BA23+BM23+BY23 -> 67 | CL23: =CH23-CK23 -> -31 | CM23: =CH23/217 -> 0.16589862 | CN23: =CI23/217 -> 0.15207373 | CO23: =CM23-CN23 -> 0.013824885 | CP23: =CK23/186 -> 0.36021505 | CQ23: =CM23-CP23 -> -0.19431644
A24: Sep-26 | B24: 17 | C24: 18 | D24: =B24-C24 -> -1 | E24: 15 | F24: =B24-E24 -> 2 | G24: =B24/30 -> 0.56666667 | H24: =C24/30 -> 0.6 | I24: =G24-H24 -> -0.033333333 | J24: =E24/30 -> 0.5 | K24: =G24-J24 -> 0.066666667 | M24: Sep-26 | N24: 4 | O24: 4 | P24: =N24-O24 -> 0 | Q24: 15 | R24: =N24-Q24 -> -11 | S24: =N24/30 -> 0.13333333 | T24: =O24/30 -> 0.13333333 | U24: =S24-T24 -> 0 | V24: =Q24/30 -> 0.5 | W24: =S24-V24 -> -0.36666667 | Y24: Sep-26 | Z24: 0 | AA24: 0 | AB24: =Z24-AA24 -> 0 | AC24: 4 | AD24: =Z24-AC24 -> -4 | AE24: =Z24/30 -> 0 | AF24: =AA24/30 -> 0 | AG24: =AE24-AF24 -> 0 | AH24: =AC24/30 -> 0.13333333 | AI24: =AE24-AH24 -> -0.13333333 | AK24: Sep-26 | AL24: 14 | AM24: 14 | AN24: =AL24-AM24 -> 0 | AO24: 0 | AP24: =AL24-AO24 -> 14 | AQ24: =AL24/30 -> 0.46666667 | AR24: =AM24/30 -> 0.46666667 | AS24: =AQ24-AR24 -> 0 | AT24: =AO24/30 -> 0 | AU24: =AQ24-AT24 -> 0.46666667 | AW24: Sep-26 | AX24: 0 | AY24: 0 | AZ24: =AX24-AY24 -> 0 | BA24: 14 | BB24: =AX24-BA24 -> -14 | BC24: =AX24/30 -> 0 | BD24: =AY24/30 -> 0 | BE24: =BC24-BD24 -> 0 | BF24: =BA24/30 -> 0.46666667 | BG24: =BC24-BF24 -> -0.46666667 | BI24: Sep-26 | BJ24: 10 | BK24: 10 | BL24: =BJ24-BK24 -> 0 | BM24: 12 | BN24: =BJ24-BM24 -> -2 | BO24: =BJ24/30 -> 0.33333333 | BP24: =BK24/30 -> 0.33333333 | BQ24: =BO24-BP24 -> 0 | BR24: =BM24/30 -> 0.4 | BS24: =BO24-BR24 -> -0.066666667 | BU24: Sep-26 | BX24: =BV24-BW24 -> 0 | BZ24: =BV24-BY24 -> 0 | CA24: =BV24/30 -> 0 | CB24: =BW24/30 -> 0 | CC24: =CA24-CB24 -> 0 | CD24: =BY24/30 -> 0 | CE24: =CA24-CD24 -> 0 | CG24: Sep-26 | CH24: =B24+N24+Z24+AL24+AX24+BJ24+BV24 -> 45 | CI24: =C24+O24+AA24+AM24+AY24+BK24+BW24 -> 46 | CJ24: =CH24-CI24 -> -1 | CK24: =E24+Q24+AC24+AO24+BA24+BM24+BY24 -> 60 | CL24: =CH24-CK24 -> -15 | CM24: =CH24/210 -> 0.21428571 | CN24: =CI24/210 -> 0.21904762 | CO24: =CM24-CN24 -> -0.0047619048 | CP24: =CK24/180 -> 0.33333333 | CQ24: =CM24-CP24 -> -0.11904762
A25: Oct-26 | B25: 6 | C25: 8 | D25: =B25-C25 -> -2 | E25: 22 | F25: =B25-E25 -> -16 | G25: =B25/31 -> 0.19354839 | H25: =C25/31 -> 0.25806452 | I25: =G25-H25 -> -0.064516129 | J25: =E25/31 -> 0.70967742 | K25: =G25-J25 -> -0.51612903 | M25: Oct-26 | N25: 3 | O25: 3 | P25: =N25-O25 -> 0 | Q25: 20 | R25: =N25-Q25 -> -17 | S25: =N25/31 -> 0.096774194 | T25: =O25/31 -> 0.096774194 | U25: =S25-T25 -> 0 | V25: =Q25/31 -> 0.64516129 | W25: =S25-V25 -> -0.5483871 | Y25: Oct-26 | Z25: 0 | AA25: 0 | AB25: =Z25-AA25 -> 0 | AC25: 4 | AD25: =Z25-AC25 -> -4 | AE25: =Z25/31 -> 0 | AF25: =AA25/31 -> 0 | AG25: =AE25-AF25 -> 0 | AH25: =AC25/31 -> 0.12903226 | AI25: =AE25-AH25 -> -0.12903226 | AK25: Oct-26 | AL25: 3 | AM25: 3 | AN25: =AL25-AM25 -> 0 | AO25: 8 | AP25: =AL25-AO25 -> -5 | AQ25: =AL25/31 -> 0.096774194 | AR25: =AM25/31 -> 0.096774194 | AS25: =AQ25-AR25 -> 0 | AT25: =AO25/31 -> 0.25806452 | AU25: =AQ25-AT25 -> -0.16129032 | AW25: Oct-26 | AX25: 5 | AY25: 5 | AZ25: =AX25-AY25 -> 0 | BA25: 0 | BB25: =AX25-BA25 -> 5 | BC25: =AX25/31 -> 0.16129032 | BD25: =AY25/31 -> 0.16129032 | BE25: =BC25-BD25 -> 0 | BF25: =BA25/31 -> 0 | BG25: =BC25-BF25 -> 0.16129032 | BI25: Oct-26 | BJ25: 3 | BK25: 3 | BL25: =BJ25-BK25 -> 0 | BM25: 18 | BN25: =BJ25-BM25 -> -15 | BO25: =BJ25/31 -> 0.096774194 | BP25: =BK25/31 -> 0.096774194 | BQ25: =BO25-BP25 -> 0 | BR25: =BM25/31 -> 0.58064516 | BS25: =BO25-BR25 -> -0.48387097 | BU25: Oct-26 | BX25: =BV25-BW25 -> 0 | BZ25: =BV25-BY25 -> 0 | CA25: =BV25/31 -> 0 | CB25: =BW25/31 -> 0 | CC25: =CA25-CB25 -> 0 | CD25: =BY25/31 -> 0 | CE25: =CA25-CD25 -> 0 | CG25: Oct-26 | CH25: =B25+N25+Z25+AL25+AX25+BJ25+BV25 -> 20 | CI25: =C25+O25+AA25+AM25+AY25+BK25+BW25 -> 22 | CJ25: =CH25-CI25 -> -2 | CK25: =E25+Q25+AC25+AO25+BA25+BM25+BY25 -> 72 | CL25: =CH25-CK25 -> -52 | CM25: =CH25/217 -> 0.092165899 | CN25: =CI25/217 -> 0.10138249 | CO25: =CM25-CN25 -> -0.0092165899 | CP25: =CK25/186 -> 0.38709677 | CQ25: =CM25-CP25 -> -0.29493088
A26: Nov-26 | B26: 20 | C26: 20 | D26: =B26-C26 -> 0 | E26: 25 | F26: =B26-E26 -> -5 | G26: =B26/30 -> 0.66666667 | H26: =C26/30 -> 0.66666667 | I26: =G26-H26 -> 0 | J26: =E26/30 -> 0.83333333 | K26: =G26-J26 -> -0.16666667 | M26: Nov-26 | N26: 3 | O26: 3 | P26: =N26-O26 -> 0 | Q26: 25 | R26: =N26-Q26 -> -22 | S26: =N26/30 -> 0.1 | T26: =O26/30 -> 0.1 | U26: =S26-T26 -> 0 | V26: =Q26/30 -> 0.83333333 | W26: =S26-V26 -> -0.73333333 | Y26: Nov-26 | Z26: 3 | AA26: 3 | AB26: =Z26-AA26 -> 0 | AC26: 14 | AD26: =Z26-AC26 -> -11 | AE26: =Z26/30 -> 0.1 | AF26: =AA26/30 -> 0.1 | AG26: =AE26-AF26 -> 0 | AH26: =AC26/30 -> 0.46666667 | AI26: =AE26-AH26 -> -0.36666667 | AK26: Nov-26 | AL26: 17 | AM26: 17 | AN26: =AL26-AM26 -> 0 | AO26: 26 | AP26: =AL26-AO26 -> -9 | AQ26: =AL26/30 -> 0.56666667 | AR26: =AM26/30 -> 0.56666667 | AS26: =AQ26-AR26 -> 0 | AT26: =AO26/30 -> 0.86666667 | AU26: =AQ26-AT26 -> -0.3 | AW26: Nov-26 | AX26: 16 | AY26: 16 | AZ26: =AX26-AY26 -> 0 | BA26: 0 | BB26: =AX26-BA26 -> 16 | BC26: =AX26/30 -> 0.53333333 | BD26: =AY26/30 -> 0.53333333 | BE26: =BC26-BD26 -> 0 | BF26: =BA26/30 -> 0 | BG26: =BC26-BF26 -> 0.53333333 | BI26: Nov-26 | BJ26: 21 | BK26: 18 | BL26: =BJ26-BK26 -> 3 | BM26: 25 | BN26: =BJ26-BM26 -> -4 | BO26: =BJ26/30 -> 0.7 | BP26: =BK26/30 -> 0.6 | BQ26: =BO26-BP26 -> 0.1 | BR26: =BM26/30 -> 0.83333333 | BS26: =BO26-BR26 -> -0.13333333 | BU26: Nov-26 | BX26: =BV26-BW26 -> 0 | BZ26: =BV26-BY26 -> 0 | CA26: =BV26/30 -> 0 | CB26: =BW26/30 -> 0 | CC26: =CA26-CB26 -> 0 | CD26: =BY26/30 -> 0 | CE26: =CA26-CD26 -> 0 | CG26: Nov-26 | CH26: =B26+N26+Z26+AL26+AX26+BJ26+BV26 -> 80 | CI26: =C26+O26+AA26+AM26+AY26+BK26+BW26 -> 77 | CJ26: =CH26-CI26 -> 3 | CK26: =E26+Q26+AC26+AO26+BA26+BM26+BY26 -> 115 | CL26: =CH26-CK26 -> -35 | CM26: =CH26/210 -> 0.38095238 | CN26: =CI26/210 -> 0.36666667 | CO26: =CM26-CN26 -> 0.014285714 | CP26: =CK26/180 -> 0.63888889 | CQ26: =CM26-CP26 -> -0.25793651
A27: Dec-26 | B27: 22 | C27: 22 | D27: =B27-C27 -> 0 | E27: 26 | F27: =B27-E27 -> -4 | G27: =B27/31 -> 0.70967742 | H27: =C27/31 -> 0.70967742 | I27: =G27-H27 -> 0 | J27: =E27/31 -> 0.83870968 | K27: =G27-J27 -> -0.12903226 | M27: Dec-26 | N27: 22 | O27: 22 | P27: =N27-O27 -> 0 | Q27: 29 | R27: =N27-Q27 -> -7 | S27: =N27/31 -> 0.70967742 | T27: =O27/31 -> 0.70967742 | U27: =S27-T27 -> 0 | V27: =Q27/31 -> 0.93548387 | W27: =S27-V27 -> -0.22580645 | Y27: Dec-26 | Z27: 25 | AA27: 20 | AB27: =Z27-AA27 -> 5 | AC27: 9 | AD27: =Z27-AC27 -> 16 | AE27: =Z27/31 -> 0.80645161 | AF27: =AA27/31 -> 0.64516129 | AG27: =AE27-AF27 -> 0.16129032 | AH27: =AC27/31 -> 0.29032258 | AI27: =AE27-AH27 -> 0.51612903 | AK27: Dec-26 | AL27: 26 | AM27: 26 | AN27: =AL27-AM27 -> 0 | AO27: 30 | AP27: =AL27-AO27 -> -4 | AQ27: =AL27/31 -> 0.83870968 | AR27: =AM27/31 -> 0.83870968 | AS27: =AQ27-AR27 -> 0 | AT27: =AO27/31 -> 0.96774194 | AU27: =AQ27-AT27 -> -0.12903226 | AW27: Dec-26 | AX27: 21 | AY27: 21 | AZ27: =AX27-AY27 -> 0 | BA27: 16 | BB27: =AX27-BA27 -> 5 | BC27: =AX27/31 -> 0.67741935 | BD27: =AY27/31 -> 0.67741935 | BE27: =BC27-BD27 -> 0 | BF27: =BA27/31 -> 0.51612903 | BG27: =BC27-BF27 -> 0.16129032 | BI27: Dec-26 | BJ27: 13 | BK27: 13 | BL27: =BJ27-BK27 -> 0 | BM27: 27 | BN27: =BJ27-BM27 -> -14 | BO27: =BJ27/31 -> 0.41935484 | BP27: =BK27/31 -> 0.41935484 | BQ27: =BO27-BP27 -> 0 | BR27: =BM27/31 -> 0.87096774 | BS27: =BO27-BR27 -> -0.4516129 | BU27: Dec-26 | BX27: =BV27-BW27 -> 0 | BZ27: =BV27-BY27 -> 0 | CA27: =BV27/31 -> 0 | CB27: =BW27/31 -> 0 | CC27: =CA27-CB27 -> 0 | CD27: =BY27/31 -> 0 | CE27: =CA27-CD27 -> 0 | CG27: Dec-26 | CH27: =B27+N27+Z27+AL27+AX27+BJ27+BV27 -> 129 | CI27: =C27+O27+AA27+AM27+AY27+BK27+BW27 -> 124 | CJ27: =CH27-CI27 -> 5 | CK27: =E27+Q27+AC27+AO27+BA27+BM27+BY27 -> 137 | CL27: =CH27-CK27 -> -8 | CM27: =CH27/217 -> 0.59447005 | CN27: =CI27/217 -> 0.57142857 | CO27: =CM27-CN27 -> 0.023041475 | CP27: =CK27/186 -> 0.73655914 | CQ27: =CM27-CP27 -> -0.14208909
A28: Jan-27 | B28: 28 | C28: 28 | D28: =B28-C28 -> 0 | E28: 30 | F28: =B28-E28 -> -2 | G28: =B28/31 -> 0.90322581 | H28: =C28/31 -> 0.90322581 | I28: =G28-H28 -> 0 | J28: =E28/31 -> 0.96774194 | K28: =G28-J28 -> -0.064516129 | M28: Jan-27 | N28: 15 | O28: 15 | P28: =N28-O28 -> 0 | Q28: 31 | R28: =N28-Q28 -> -16 | S28: =N28/31 -> 0.48387097 | T28: =O28/31 -> 0.48387097 | U28: =S28-T28 -> 0 | V28: =Q28/31 -> 1 | W28: =S28-V28 -> -0.51612903 | Y28: Jan-27 | Z28: 27 | AA28: 27 | AB28: =Z28-AA28 -> 0 | AC28: 30 | AD28: =Z28-AC28 -> -3 | AE28: =Z28/31 -> 0.87096774 | AF28: =AA28/31 -> 0.87096774 | AG28: =AE28-AF28 -> 0 | AH28: =AC28/31 -> 0.96774194 | AI28: =AE28-AH28 -> -0.096774194 | AK28: Jan-27 | AL28: 28 | AM28: 28 | AN28: =AL28-AM28 -> 0 | AO28: 31 | AP28: =AL28-AO28 -> -3 | AQ28: =AL28/31 -> 0.90322581 | AR28: =AM28/31 -> 0.90322581 | AS28: =AQ28-AR28 -> 0 | AT28: =AO28/31 -> 1 | AU28: =AQ28-AT28 -> -0.096774194 | AW28: Jan-27 | AX28: 28 | AY28: 23 | AZ28: =AX28-AY28 -> 5 | BA28: 31 | BB28: =AX28-BA28 -> -3 | BC28: =AX28/31 -> 0.90322581 | BD28: =AY28/31 -> 0.74193548 | BE28: =BC28-BD28 -> 0.16129032 | BF28: =BA28/31 -> 1 | BG28: =BC28-BF28 -> -0.096774194 | BI28: Jan-27 | BJ28: 18 | BK28: 18 | BL28: =BJ28-BK28 -> 0 | BM28: 25 | BN28: =BJ28-BM28 -> -7 | BO28: =BJ28/31 -> 0.58064516 | BP28: =BK28/31 -> 0.58064516 | BQ28: =BO28-BP28 -> 0 | BR28: =BM28/31 -> 0.80645161 | BS28: =BO28-BR28 -> -0.22580645 | BU28: Jan-27 | BV28: 15 | BX28: =BV28-BW28 -> 15 | BZ28: =BV28-BY28 -> 15 | CA28: =BV28/31 -> 0.48387097 | CB28: =BW28/31 -> 0 | CC28: =CA28-CB28 -> 0.48387097 | CD28: =BY28/31 -> 0 | CE28: =CA28-CD28 -> 0.48387097 | CG28: Jan-27 | CH28: =B28+N28+Z28+AL28+AX28+BJ28+BV28 -> 159 | CI28: =C28+O28+AA28+AM28+AY28+BK28+BW28 -> 139 | CJ28: =CH28-CI28 -> 20 | CK28: =E28+Q28+AC28+AO28+BA28+BM28+BY28 -> 178 | CL28: =CH28-CK28 -> -19 | CM28: =CH28/217 -> 0.73271889 | CN28: =CI28/217 -> 0.640553 | CO28: =CM28-CN28 -> 0.092165899 | CP28: =CK28/186 -> 0.95698925 | CQ28: =CM28-CP28 -> -0.22427035
A29: Feb-27 | B29: 25 | C29: 25 | D29: =B29-C29 -> 0 | E29: 27 | F29: =B29-E29 -> -2 | G29: =B29/28 -> 0.89285714 | H29: =C29/28 -> 0.89285714 | I29: =G29-H29 -> 0 | J29: =E29/28 -> 0.96428571 | K29: =G29-J29 -> -0.071428571 | M29: Feb-27 | N29: 17 | O29: 17 | P29: =N29-O29 -> 0 | Q29: 25 | R29: =N29-Q29 -> -8 | S29: =N29/28 -> 0.60714286 | T29: =O29/28 -> 0.60714286 | U29: =S29-T29 -> 0 | V29: =Q29/28 -> 0.89285714 | W29: =S29-V29 -> -0.28571429 | Y29: Feb-27 | Z29: 17 | AA29: 17 | AB29: =Z29-AA29 -> 0 | AC29: 23 | AD29: =Z29-AC29 -> -6 | AE29: =Z29/28 -> 0.60714286 | AF29: =AA29/28 -> 0.60714286 | AG29: =AE29-AF29 -> 0 | AH29: =AC29/28 -> 0.82142857 | AI29: =AE29-AH29 -> -0.21428571 | AK29: Feb-27 | AL29: 26 | AM29: 26 | AN29: =AL29-AM29 -> 0 | AO29: 27 | AP29: =AL29-AO29 -> -1 | AQ29: =AL29/28 -> 0.92857143 | AR29: =AM29/28 -> 0.92857143 | AS29: =AQ29-AR29 -> 0 | AT29: =AO29/28 -> 0.96428571 | AU29: =AQ29-AT29 -> -0.035714286 | AW29: Feb-27 | AX29: 0 | AY29: 0 | AZ29: =AX29-AY29 -> 0 | BA29: 3 | BB29: =AX29-BA29 -> -3 | BC29: =AX29/28 -> 0 | BD29: =AY29/28 -> 0 | BE29: =BC29-BD29 -> 0 | BF29: =BA29/28 -> 0.10714286 | BG29: =BC29-BF29 -> -0.10714286 | BI29: Feb-27 | BJ29: 12 | BK29: 12 | BL29: =BJ29-BK29 -> 0 | BM29: 25 | BN29: =BJ29-BM29 -> -13 | BO29: =BJ29/28 -> 0.42857143 | BP29: =BK29/28 -> 0.42857143 | BQ29: =BO29-BP29 -> 0 | BR29: =BM29/28 -> 0.89285714 | BS29: =BO29-BR29 -> -0.46428571 | BU29: Feb-27 | BV29: 23 | BX29: =BV29-BW29 -> 23 | BZ29: =BV29-BY29 -> 23 | CA29: =BV29/28 -> 0.82142857 | CB29: =BW29/28 -> 0 | CC29: =CA29-CB29 -> 0.82142857 | CD29: =BY29/28 -> 0 | CE29: =CA29-CD29 -> 0.82142857 | CG29: Feb-27 | CH29: =B29+N29+Z29+AL29+AX29+BJ29+BV29 -> 120 | CI29: =C29+O29+AA29+AM29+AY29+BK29+BW29 -> 97 | CJ29: =CH29-CI29 -> 23 | CK29: =E29+Q29+AC29+AO29+BA29+BM29+BY29 -> 130 | CL29: =CH29-CK29 -> -10 | CM29: =CH29/196 -> 0.6122449 | CN29: =CI29/196 -> 0.49489796 | CO29: =CM29-CN29 -> 0.11734694 | CP29: =CK29/168 -> 0.77380952 | CQ29: =CM29-CP29 -> -0.16156463
A30: ADR | M30: ADR | Y30: ADR | AK30: ADR | AW30: ADR | BI30: ADR | BU30: ADR | CG30: ADR
B31: OTB @ 13 Aug 2026 | C31: OTB @ 30 Jul 2026 | D31: Variance | E31: Last Year Actual | F31: OTB vs LY | N31: OTB @ 13 Aug 2026 | O31: OTB @ 30 Jul 2026 | P31: Variance | Q31: Last Year Actual | R31: OTB vs LY | Z31: OTB @ 13 Aug 2026 | AA31: OTB @ 30 Jul 2026 | AB31: Variance | AC31: Last Year Actual | AD31: OTB vs LY | AL31: OTB @ 13 Aug 2026 | AM31: OTB @ 30 Jul 2026 | AN31: Variance | AO31: Last Year Actual | AP31: OTB vs LY | AX31: OTB @ 13 Aug 2026 | AY31: OTB @ 30 Jul 2026 | AZ31: Variance | BA31: Last Year Actual | BB31: OTB vs LY | BJ31: OTB @ 13 Aug 2026 | BK31: OTB @ 30 Jul 2026 | BL31: Variance | BM31: Last Year Actual | BN31: OTB vs LY | BV31: OTB @ 13 Aug 2026 | BW31: OTB @ 30 Jul 2026 | BX31: Variance | BY31: Last Year Actual | BZ31: OTB vs LY | CH31: OTB @ 13 Aug 2026 | CI31: OTB @ 30 Jul 2026 | CJ31: Variance | CK31: Last Year Actual | CL31: OTB vs LY
A32: Mar-26 | B32: =B3/B18 -> 10745.389 | C32: =C3/C18 -> 10745.389 | D32: - | E32: =E3/E18 -> 11015.675 | F32: =B32-E32 -> -270.2865 | M32: Mar-26 | N32: =N3/N18 -> 8059.1724 | O32: =O3/O18 -> 8059.1724 | P32: - | Q32: =Q3/Q18 -> 9317.3913 | R32: =N32-Q32 -> -1258.2189 | Y32: Mar-26 | Z32: =Z3/Z18 -> 8728.2083 | AA32: =AA3/AA18 -> 8728.2083 | AB32: - | AC32: =AC3/AC18 -> 10584.625 | AD32: =Z32-AC32 -> -1856.4167 | AK32: Mar-26 | AL32: =AL3/AL18 -> 5806.1923 | AM32: =AM3/AM18 -> 5806.1923 | AN32: - | AO32: =AO3/AO18 -> 5695.8333 | AP32: =AL32-AO32 -> 110.35897 | AW32: Mar-26 | AX32: 0 | AY32: 0 | AZ32: - | BA32: =BA3/BA18 -> 7150 | BB32: =AX32-BA32 -> -7150 | BI32: Mar-26 | BJ32: =BJ3/BJ18 -> 4815.6957 | BK32: =BK3/BK18 -> 4815.6957 | BL32: - | BM32: =BM3/BM18 -> 4829.4059 | BN32: =BJ32-BM32 -> -13.710274 | BU32: Mar-26 | BV32: =BV3/BV18 -> #DIV/0! | BW32: =BW3/BW18 -> #DIV/0! | BX32: - | BY32: =BY3/BY18 -> #DIV/0! | BZ32: =BV32-BY32 -> #DIV/0! | CG32: Mar-26 | CH32: =CH3/CH18 -> 7486.1 | CI32: =CI3/CI18 -> 7486.1 | CJ32: - | CK32: =CK3/CK18 -> 8033.242 | CL32: =CH32-CK32 -> -547.14197
A33: Apr-26 | B33: =B4/B19 -> 8933.8612 | C33: =C4/C19 -> 8933.8612 | D33: - | E33: =E4/E19 -> 11430 | F33: =B33-E33 -> -2496.1388 | M33: Apr-26 | N33: =N4/N19 -> 8121.0294 | O33: =O4/O19 -> 8121.0294 | P33: - | Q33: =Q4/Q19 -> 9449.0383 | R33: =N33-Q33 -> -1328.0089 | Y33: Apr-26 | Z33: =Z4/Z19 -> 6571.524 | AA33: =AA4/AA19 -> 6571.524 | AB33: - | AC33: =AC4/AC19 -> 10175 | AD33: =Z33-AC33 -> -3603.476 | AK33: Apr-26 | AL33: =AL4/AL19 -> 5100.1318 | AM33: =AM4/AM19 -> 5100.1318 | AN33: - | AO33: =AO4/AO19 -> 6275.9842 | AP33: =AL33-AO33 -> -1175.8523 | AW33: Apr-26 | AX33: 0 | AY33: 0 | AZ33: - | BA33: =BA4/BA19 -> 6327.016 | BB33: =AX33-BA33 -> -6327.016 | BI33: Apr-26 | BJ33: =BJ4/BJ19 -> 5997.9835 | BK33: =BK4/BK19 -> 5997.9835 | BL33: - | BM33: =BM4/BM19 -> 5315.8757 | BN33: =BJ33-BM33 -> 682.10782 | BU33: Apr-26 | BV33: =BV4/BV19 -> #DIV/0! | BW33: =BW4/BW19 -> #DIV/0! | BX33: - | BY33: =BY4/BY19 -> #DIV/0! | BZ33: =BV33-BY33 -> #DIV/0! | CG33: Apr-26 | CH33: =CH4/CH19 -> 7043.172 | CI33: =CI4/CI19 -> 7043.172 | CJ33: - | CK33: =CK4/CK19 -> 7879.1044 | CL33: =CH33-CK33 -> -835.93242 | CN33: 6 villas from aug 2026
A34: May-26 | B34: =B5/B20 -> 9387.8233 | C34: =C5/C20 -> 9387.8233 | D34: - | E34: =E5/E20 -> 7682.8125 | F34: =B34-E34 -> 1705.0108 | M34: May-26 | N34: =N5/N20 -> 9815.6091 | O34: =O5/O20 -> 9815.6091 | P34: - | Q34: =Q5/Q20 -> 4882.7386 | R34: =N34-Q34 -> 4932.8705 | Y34: May-26 | Z34: =Z5/Z20 -> 4975.51 | AA34: =AA5/AA20 -> 4975.51 | AB34: - | AC34: =AC5/AC20 -> 7177.5 | AD34: =Z34-AC34 -> -2201.99 | AK34: May-26 | AL34: =AL5/AL20 -> 5275.568 | AM34: =AM5/AM20 -> 5275.568 | AN34: - | AO34: =AO5/AO20 -> 3843.8125 | AP34: =AL34-AO34 -> 1431.7555 | AW34: May-26 | AX34: 0 | AY34: 0 | AZ34: - | BA34: =BA5/BA20 -> 4927.725 | BB34: =AX34-BA34 -> -4927.725 | BI34: May-26 | BJ34: =BJ5/BJ20 -> 4937.28 | BK34: =BK5/BK20 -> 4937.28 | BL34: - | BM34: =BM5/BM20 -> 3047.402 | BN34: =BJ34-BM34 -> 1889.878 | BU34: May-26 | BV34: =BV5/BV20 -> #DIV/0! | BW34: =BW5/BW20 -> #DIV/0! | BX34: - | BY34: =BY5/BY20 -> #DIV/0! | BZ34: =BV34-BY34 -> #DIV/0! | CG34: May-26 | CH34: =CH5/CH20 -> 7835.3809 | CI34: =CI5/CI20 -> 7835.3809 | CJ34: - | CK34: =CK5/CK20 -> 5015.7365 | CL34: =CH34-CK34 -> 2819.6444
A35: Jun-26 | B35: =B6/B21 -> 6291.4333 | C35: =C6/C21 -> 6291.4333 | D35: - | E35: =E6/E21 -> 5398.25 | F35: =B35-E35 -> 893.18333 | M35: Jun-26 | N35: =N6/N21 -> 6210.1 | O35: =O6/O21 -> 6210.1 | P35: - | Q35: =Q6/Q21 -> 6573.8906 | R35: =N35-Q35 -> -363.79062 | Y35: Jun-26 | Z35: =Z6/Z21 -> 8843.3283 | AA35: =AA6/AA21 -> 8843.3283 | AB35: - | AC35: =AC6/AC21 -> 7787.73 | AD35: =Z35-AC35 -> 1055.5983 | AK35: Jun-26 | AL35: 0 | AM35: 0 | AN35: - | AO35: =AO6/AO21 -> 3529.1667 | AP35: =AL35-AO35 -> -3529.1667 | AW35: Jun-26 | AX35: 0 | AY35: 0 | AZ35: - | BA35: =BA6/BA21 -> 3748.88 | BB35: =AX35-BA35 -> -3748.88 | BI35: Jun-26 | BJ35: =BJ6/BJ21 -> 4349 | BK35: =BK6/BK21 -> 4349 | BL35: - | BM35: 0 | BN35: =BJ35-BM35 -> 4349 | BU35: Jun-26 | BV35: =BV6/BV21 -> #DIV/0! | BW35: =BW6/BW21 -> #DIV/0! | BX35: - | BY35: 0 | BZ35: =BV35-BY35 -> #DIV/0! | CG35: Jun-26 | CH35: =CH6/CH21 -> 6995.4231 | CI35: =CI6/CI21 -> 6995.4231 | CJ35: =CH35-CI35 -> 0 | CK35: =CK6/CK21 -> 5366.4677 | CL35: =CH35-CK35 -> 1628.9554
A36: Jul-26 | B36: =B7/B22 -> 6520.4444 | C36: =C7/C22 -> 6520.4444 | D36: =B36-C36 -> 0 | E36: =E7/E22 -> 6000.1057 | F36: =B36-E36 -> 520.33873 | M36: Jul-26 | N36: =N7/N22 -> 6195.948 | O36: =O7/O22 -> 6155.948 | P36: =N36-O36 -> 40 | Q36: =Q7/Q22 -> 7564.7727 | R36: =N36-Q36 -> -1368.8247 | Y36: Jul-26 | Z36: =Z7/Z22 -> 6404.82 | AA36: =AA7/AA22 -> 6254.82 | AB36: =Z36-AA36 -> 150 | AC36: =AC7/AC22 -> 9334.2857 | AD36: =Z36-AC36 -> -2929.4657 | AK36: Jul-26 | AL36: =AL7/AL22 -> 4163.6029 | AM36: =AM7/AM22 -> 4163.6029 | AN36: =AL36-AM36 -> 0 | AO36: =AO7/AO22 -> 3460.7692 | AP36: =AL36-AO36 -> 702.83363 | AW36: Jul-26 | AX36: 0 | AY36: 0 | AZ36: =AX36-AY36 -> 0 | BA36: =BA7/BA22 -> 4266.635 | BB36: =AX36-BA36 -> -4266.635 | BI36: Jul-26 | BJ36: =BJ7/BJ22 -> 4067.5838 | BK36: =BK7/BK22 -> 4065.6394 | BL36: =BJ36-BK36 -> 1.9444118 | BM36: =BM7/BM22 -> 3646.381 | BN36: =BJ36-BM36 -> 421.20282 | BU36: Jul-26 | BV36: =BV7/BV22 -> #DIV/0! | BW36: =BW7/BW22 -> #DIV/0! | BX36: =BV36-BW36 -> #DIV/0! | BY36: =BY7/BY22 -> #DIV/0! | BZ36: =BV36-BY36 -> #DIV/0! | CG36: Jul-26 | CH36: =CH7/CH22 -> 5085.1706 | CI36: =CI7/CI22 -> 5065.336 | CJ36: =CH36-CI36 -> 19.834643 | CK36: =CK7/CK22 -> 5526.0456 | CL36: =CH36-CK36 -> -440.87496
A37: Aug-26 | B37: =B8/B23 -> 7381.0431 | C37: =C8/C23 -> 7381.0431 | D37: =B37-C37 -> 0 | E37: =E8/E23 -> 6005.0648 | F37: =B37-E37 -> 1375.9783 | M37: Aug-26 | N37: =N8/N23 -> 5698.1582 | O37: =O8/O23 -> 5654.2333 | P37: =N37-O37 -> 43.924848 | Q37: =Q8/Q23 -> 5928.69 | R37: =N37-Q37 -> -230.53182 | Y37: Aug-26 | Z37: =Z8/Z23 -> 5041.49 | AA37: 0 | AB37: =Z37-AA37 -> 5041.49 | AC37: =AC8/AC23 -> 500 | AD37: =Z37-AC37 -> 4541.49 | AK37: Aug-26 | AL37: =AL8/AL23 -> 4537.34 | AM37: =AM8/AM23 -> 4371.0433 | AN37: =AL37-AM37 -> 166.29667 | AO37: =AO8/AO23 -> 5307.1429 | AP37: =AL37-AO37 -> -769.80286 | AW37: Aug-26 | AX37: 0 | AY37: 0 | AZ37: =AX37-AY37 -> 0 | BA37: =BA8/BA23 -> 4582.9029 | BB37: =AX37-BA37 -> -4582.9029 | BI37: Aug-26 | BJ37: =BJ8/BJ23 -> 3533.1 | BK37: =BK8/BK23 -> 3528.9675 | BL37: =BJ37-BK37 -> 4.1325 | BM37: =BM8/BM23 -> 3285.3173 | BN37: =BJ37-BM37 -> 247.78267 | BU37: Aug-26 | BV37: =BV8/BV23 -> #DIV/0! | BW37: =BW8/BW23 -> #DIV/0! | BX37: =BV37-BW37 -> #DIV/0! | BY37: =BY8/BY23 -> #DIV/0! | BZ37: =BV37-BY37 -> #DIV/0! | CG37: Aug-26 | CH37: =CH8/CH23 -> 5723.7711 | CI37: =CI8/CI23 -> 5585.9685 | CJ37: =CH37-CI37 -> 137.80263 | CK37: =CK8/CK23 -> 4669.1348 | CL37: =CH37-CK37 -> 1054.6363
A38: Sep-26 | B38: =B9/B24 -> 7603.1941 | C38: =C9/C24 -> 7754.9944 | D38: =B38-C38 -> -151.80033 | E38: =E9/E24 -> 5923.8453 | F38: =B38-E38 -> 1679.3488 | M38: Sep-26 | N38: =N9/N24 -> 7993.85 | O38: =O9/O24 -> 7993.85 | P38: =N38-O38 -> 0 | Q38: =Q9/Q24 -> 4847.944 | R38: =N38-Q38 -> 3145.906 | Y38: Sep-26 | Z38: 0 | AA38: 0 | AB38: =Z38-AA38 -> 0 | AC38: =AC9/AC24 -> 4123.5375 | AD38: =Z38-AC38 -> -4123.5375 | AK38: Sep-26 | AL38: =AL9/AL24 -> 4020.5679 | AM38: =AM9/AM24 -> 4020.5679 | AN38: =AL38-AM38 -> 0 | AO38: 0 | AP38: =AL38-AO38 -> 4020.5679 | AW38: Sep-26 | AX38: 0 | AY38: 0 | AZ38: =AX38-AY38 -> 0 | BA38: =BA9/BA24 -> 4334.5543 | BB38: =AX38-BA38 -> -4334.5543 | BI38: Sep-26 | BJ38: =BJ9/BJ24 -> 3431.133 | BK38: =BK9/BK24 -> 3431.133 | BL38: =BJ38-BK38 -> 0 | BM38: =BM9/BM24 -> 3270.99 | BN38: =BJ38-BM38 -> 160.143 | BU38: Sep-26 | BV38: =BV9/BV24 -> #DIV/0! | BW38: =BW9/BW24 -> #DIV/0! | BX38: =BV38-BW38 -> #DIV/0! | BY38: =BY9/BY24 -> #DIV/0! | BZ38: =BV38-BY38 -> #DIV/0! | CG38: Sep-26 | CH38: =CH9/CH24 -> 5596.1996 | CI38: =CI9/CI24 -> 5699.23 | CJ38: =CH38-CI38 -> -103.03044 | CK38: =CK9/CK24 -> 4633.4438 | CL38: =CH38-CK38 -> 962.75572
A39: Oct-26 | B39: =B10/B25 -> 11360.25 | C39: =C10/C25 -> 11104.087 | D39: =B39-C39 -> 256.1625 | E39: =E10/E25 -> 11063.864 | F39: =B39-E39 -> 296.38636 | M39: Oct-26 | N39: =N10/N25 -> 8474.35 | O39: =O10/O25 -> 8474.35 | P39: =N39-O39 -> 0 | Q39: =Q10/Q25 -> 8511.7745 | R39: =N39-Q39 -> -37.4245 | Y39: Oct-26 | Z39: 0 | AA39: 0 | AB39: =Z39-AA39 -> 0 | AC39: =AC10/AC25 -> 13805 | AD39: =Z39-AC39 -> -13805 | AK39: Oct-26 | AL39: =AL10/AL25 -> 5503.75 | AM39: =AM10/AM25 -> 5503.75 | AN39: =AL39-AM39 -> 0 | AO39: =AO10/AO25 -> 6160 | AP39: =AL39-AO39 -> -656.25 | AW39: Oct-26 | AX39: =AX10/AX25 -> 6764.516 | AY39: =AY10/AY25 -> 6764.516 | AZ39: =AX39-AY39 -> 0 | BA39: 0 | BB39: =AX39-BA39 -> 6764.516 | BI39: Oct-26 | BJ39: =BJ10/BJ25 -> 5553.36 | BK39: =BK10/BK25 -> 5553.36 | BL39: =BJ39-BK39 -> 0 | BM39: =BM10/BM25 -> 5120.3883 | BN39: =BJ39-BM39 -> 432.97167 | BU39: Oct-26 | BV39: =BV10/BV25 -> #DIV/0! | BW39: =BW10/BW25 -> #DIV/0! | BX39: =BV39-BW39 -> #DIV/0! | BY39: =BY10/BY25 -> #DIV/0! | BZ39: =BV39-BY39 -> #DIV/0! | CG39: Oct-26 | CH39: =CH10/CH25 -> 8028.923 | CI39: =CI10/CI25 -> 8238.6209 | CJ39: =CH39-CI39 -> -209.69791 | CK39: =CK10/CK25 -> 8476.4928 | CL39: =CH39-CK39 -> -447.56978
A40: Nov-26 | B40: =B11/B26 -> 11420.393 | C40: =C11/C26 -> 11420.393 | D40: =B40-C40 -> 0 | E40: =E11/E26 -> 10948.109 | F40: =B40-E40 -> 472.2838 | M40: Nov-26 | N40: =N11/N26 -> 12032.24 | O40: =O11/O26 -> 9841.55 | P40: =N40-O40 -> 2190.69 | Q40: =Q11/Q26 -> 8417.6936 | R40: =N40-Q40 -> 3614.5464 | Y40: Nov-26 | Z40: =Z11/Z26 -> 5500 | AA40: =AA11/AA26 -> 5500 | AB40: =Z40-AA40 -> 0 | AC40: =AC11/AC26 -> 9251.1 | AD40: =Z40-AC40 -> -3751.1 | AK40: Nov-26 | AL40: =AL11/AL26 -> 6622.3771 | AM40: =AM11/AM26 -> 6622.3771 | AN40: =AL40-AM40 -> 0 | AO40: =AO11/AO26 -> 6542.4615 | AP40: =AL40-AO40 -> 79.91552 | AW40: Nov-26 | AX40: =AX11/AX26 -> 5623.0425 | AY40: =AY11/AY26 -> 5623.0425 | AZ40: =AX40-AY40 -> 0 | BA40: 0 | BB40: =AX40-BA40 -> 5623.0425 | BI40: Nov-26 | BJ40: =BJ11/BJ26 -> 5852.4143 | BK40: =BK11/BK26 -> 5843.81 | BL40: =BJ40-BK40 -> 8.6042857 | BM40: =BM11/BM26 -> 5145.3 | BN40: =BJ40-BM40 -> 707.11429 | BU40: Nov-26 | BV40: =BV11/BV26 -> #DIV/0! | BW40: =BW11/BW26 -> #DIV/0! | BX40: =BV40-BW40 -> #DIV/0! | BY40: =BY11/BY26 -> #DIV/0! | BZ40: =BV40-BY40 -> #DIV/0! | CG40: Nov-26 | CH40: =CH11/CH26 -> 7580.6796 | CI40: =CI11/CI26 -> 7560.6517 | CJ40: =CH40-CI40 -> 20.027937 | CK40: =CK11/CK26 -> 7933.8867 | CL40: =CH40-CK40 -> -353.20707
A41: Dec-26 | B41: =B12/B27 -> 11893.878 | C41: =C12/C27 -> 11893.878 | D41: =B41-C41 -> 0 | E41: =E12/E27 -> 11338.413 | F41: =B41-E41 -> 555.46472 | M41: Dec-26 | N41: =N12/N27 -> 11021.322 | O41: =O12/O27 -> 11021.322 | P41: =N41-O41 -> 0 | Q41: =Q12/Q27 -> 9734.3207 | R41: =N41-Q41 -> 1287.0016 | Y41: Dec-26 | Z41: =Z12/Z27 -> 10849.262 | AA41: =AA12/AA27 -> 13561.578 | AB41: =Z41-AA41 -> -2712.3156 | AC41: =AC12/AC27 -> 14421 | AD41: =Z41-AC41 -> -3571.7376 | AK41: Dec-26 | AL41: =AL12/AL27 -> 7256.9723 | AM41: =AM12/AM27 -> 7256.9723 | AN41: =AL41-AM41 -> 0 | AO41: =AO12/AO27 -> 7916.3333 | AP41: =AL41-AO41 -> -659.36103 | AW41: Dec-26 | AX41: =AX12/AX27 -> 6771.2676 | AY41: =AY12/AY27 -> 6771.2676 | AZ41: =AX41-AY41 -> 0 | BA41: =BA12/BA27 -> 7631.975 | BB41: =AX41-BA41 -> -860.70738 | BI41: Dec-26 | BJ41: =BJ12/BJ27 -> 5851.1077 | BK41: =BK12/BK27 -> 5851.1077 | BL41: =BJ41-BK41 -> 0 | BM41: =BM12/BM27 -> 5553.9152 | BN41: =BJ41-BM41 -> 297.19251 | BU41: Dec-26 | BV41: =BV12/BV27 -> #DIV/0! | BW41: =BW12/BW27 -> #DIV/0! | BX41: =BV41-BW41 -> #DIV/0! | BY41: =BY12/BY27 -> #DIV/0! | BZ41: =BV41-BY41 -> #DIV/0! | CG41: Dec-26 | CH41: =CH12/CH27 -> 9165.1804 | CI41: =CI12/CI27 -> 9534.7441 | CJ41: =CH41-CI41 -> -369.56373 | CK41: =CK12/CK27 -> 8879.1267 | CL41: =CH41-CK41 -> 286.05367
A42: Jan-27 | B42: =B13/B28 -> 4884.8625 | C42: =C13/C28 -> 4884.8625 | D42: =B42-C42 -> 0 | E42: =E13/E28 -> 11678.334 | F42: =B42-E42 -> -6793.4712 | M42: Jan-27 | N42: =N13/N28 -> 11745.88 | O42: =O13/O28 -> 11745.88 | P42: =N42-O42 -> 0 | Q42: =Q13/Q28 -> 8368.129 | R42: =N42-Q42 -> 3377.751 | Y42: Jan-27 | Z42: =Z13/Z28 -> 12442.346 | AA42: =AA13/AA28 -> 12442.346 | AB42: =Z42-AA42 -> 0 | AC42: =AC13/AC28 -> 10038.856 | AD42: =Z42-AC42 -> 2403.4904 | AK42: Jan-27 | AL42: =AL13/AL28 -> 6294.8919 | AM42: =AM13/AM28 -> 6294.8919 | AN42: =AL42-AM42 -> 0 | AO42: =AO13/AO28 -> 6552.3229 | AP42: =AL42-AO42 -> -257.43096 | AW42: Jan-27 | AX42: =AX13/AX28 -> 6828.2521 | AY42: =AY13/AY28 -> 6347.7765 | AZ42: =AX42-AY42 -> 480.47562 | BA42: =BA13/BA28 -> 7633.4119 | BB42: =AX42-BA42 -> -805.15979 | BI42: Jan-27 | BJ42: =BJ13/BJ28 -> 5922.03 | BK42: =BK13/BK28 -> 5922.03 | BL42: =BJ42-BK42 -> 0 | BM42: =BM13/BM28 -> 5392.168 | BN42: =BJ42-BM42 -> 529.862 | BU42: Jan-27 | BV42: =BV13/BV28 -> 4950 | BW42: =BW13/BW28 -> #DIV/0! | BX42: =BV42-BW42 -> #DIV/0! | BY42: =BY13/BY28 -> #DIV/0! | BZ42: =BV42-BY42 -> #DIV/0! | CG42: Jan-27 | CH42: =CH13/CH28 -> 7529.574 | CI42: =CI13/CI28 -> 7753.6696 | CJ42: =CH42-CI42 -> -224.09554 | CK42: =CK13/CK28 -> 8345.4475 | CL42: =CH42-CK42 -> -815.87351
A43: Feb-27 | B43: =B14/B29 -> 11659.626 | C43: =C14/C29 -> 11659.626 | D43: =B43-C43 -> 0 | E43: =E14/E29 -> 11300.463 | F43: =B43-E43 -> 359.16267 | M43: Feb-27 | N43: =N14/N29 -> 11319.848 | O43: =O14/O29 -> 11319.848 | P43: =N43-O43 -> 0 | Q43: =Q14/Q29 -> 7789.556 | R43: =N43-Q43 -> 3530.2916 | Y43: Feb-27 | Z43: =Z14/Z29 -> 12296.491 | AA43: =AA14/AA29 -> 12296.491 | AB43: =Z43-AA43 -> 0 | AC43: =AC14/AC29 -> 10515.656 | AD43: =Z43-AC43 -> 1780.8345 | AK43: Feb-27 | AL43: =AL14/AL29 -> 6452.7465 | AM43: =AM14/AM29 -> 6452.7465 | AN43: =AL43-AM43 -> 0 | AO43: =AO14/AO29 -> 5456.8741 | AP43: =AL43-AO43 -> 995.87246 | AW43: Feb-27 | AX43: 0 | AY43: 0 | AZ43: =AX43-AY43 -> 0 | BA43: =BA14/BA29 -> 7480 | BB43: =AX43-BA43 -> -7480 | BI43: Feb-27 | BJ43: =BJ14/BJ29 -> 5189.8733 | BK43: =BK14/BK29 -> 5189.8733 | BL43: =BJ43-BK43 -> 0 | BM43: =BM14/BM29 -> 5236.992 | BN43: =BJ43-BM43 -> -47.118667 | BU43: Feb-27 | BV43: =BV14/BV29 -> 4950 | BW43: =BW14/BW29 -> #DIV/0! | BX43: =BV43-BW43 -> #DIV/0! | BY43: =BY14/BY29 -> #DIV/0! | BZ43: =BV43-BY43 -> #DIV/0! | CG43: Feb-27 | CH43: =CH14/CH29 -> 8640.5691 | CI43: =CI14/CI29 -> 9515.6525 | CJ43: =CH43-CI43 -> -875.08339 | CK43: =CK14/CK29 -> 8018.5531 | CL43: =CH43-CK43 -> 622.01601

Sheet 2025-6 WP
A1: Willow Point | Financial Year | 2025/26
B2: OTB @ 2 Mar 2026 | C2: OTB @ 13 Feb 2026 | D2: Variance | E2: Previous FY | F2: OTB vs PY
A3: Mar-25 | B3: 14250 | C3: 14250 | D3: =B3-C3 -> 0 | E3: 55111.46 | F3: =B3-E3 -> -40861.46
A4: Apr-25 | B4: 0 | C4: 0 | D4: =B4-C4 -> 0 | E4: 0 | F4: =B4-E4 -> 0
A5: May-25 | B5: 0 | C5: 0 | D5: =B5-C5 -> 0 | E5: 0 | F5: =B5-E5 -> 0
A6: Jun-25 | B6: 32746.5 | C6: 32746.5 | D6: =B6-C6 -> 0 | E6: 19827.24 | F6: =B6-E6 -> 12919.26
A7: Jul-25 | B7: 47978.02 | C7: 47978.02 | D7: =B7-C7 -> 0 | E7: 0 | F7: =B7-E7 -> 47978.02
A8: Aug-25 | B8: 41451.5 | C8: 41451.5 | D8: =B8-C8 -> 0 | E8: 0 | F8: =B8-E8 -> 41451.5
A9: Sep-25 | B9: 0 | C9: 0 | D9: =B9-C9 -> 0 | E9: 71165.01 | F9: =B9-E9 -> -71165.01
A10: Oct-25 | B10: 0 | C10: 0 | D10: =B10-C10 -> 0 | E10: 0 | F10: =B10-E10 -> 0
A11: Nov-25 | B11: 25760 | C11: 25760 | D11: =B11-C11 -> 0 | E11: 0 | F11: =B11-E11 -> 25760
A12: Dec-25 | B12: 210435 | C12: 210435 | D12: =B12-C12 -> 0 | E12: 174200 | F12: =B12-E12 -> 36235
A13: Jan-26 | B13: 13995.5 | C13: 13995.5 | D13: =B13-C13 -> 0 | E13: 80174.34 | F13: =B13-E13 -> -66178.84
A14: Feb-26 | B14: 0 | C14: 0 | D14: =B14-C14 -> 0 | E14: 0 | F14: =B14-E14 -> 0
A15: TOTAL | B15: =SUM(B3:B14) -> 386616.52 | C15: =SUM(C3:C14) -> 386616.52 | D15: =B15-C15 -> 0 | E15: =SUM(E3:E14) -> 400478.05 | F15: =B15-E15 -> -13861.53
A16: Room Nights | G16: Occupancy
B17: OTB @ 2 Mar 2026 | C17: OTB @ 13 Feb 2026 | D17: Variance | E17: Previous FY | F17: OTB vs PY | G17: OTB @ 2 Mar 2026 | H17: OTB @ 13 Feb 2026 | I17: Variance | J17: Previous FY | K17: OTB vs PY
A18: Mar-25 | B18: 2 | C18: 2 | D18: =B18-C18 -> 0 | E18: 7 | F18: =B18-E18 -> -5 | G18: =B18/31 -> 0.064516129 | H18: =C18/31 -> 0.064516129 | I18: =G18-H18 -> 0 | J18: =E18/31 -> 0.22580645 | K18: =G18-J18 -> -0.16129032
A19: Apr-25 | B19: 0 | C19: 0 | D19: =B19-C19 -> 0 | E19: 0 | F19: =B19-E19 -> 0 | G19: =B19/30 -> 0 | H19: =C19/30 -> 0 | I19: =G19-H19 -> 0 | J19: =E19/30 -> 0 | K19: =G19-J19 -> 0
A20: May-25 | B20: 0 | C20: 0 | D20: =B20-C20 -> 0 | E20: 0 | F20: =B20-E20 -> 0 | G20: =B20/31 -> 0 | H20: =C20/31 -> 0 | I20: =G20-H20 -> 0 | J20: =E20/31 -> 0 | K20: =G20-J20 -> 0
A21: Jun-25 | B21: 3 | C21: 3 | D21: =B21-C21 -> 0 | E21: 3 | F21: =B21-E21 -> 0 | G21: =B21/30 -> 0.1 | H21: =C21/30 -> 0.1 | I21: =G21-H21 -> 0 | J21: =E21/30 -> 0.1 | K21: =G21-J21 -> 0
A22: Jul-25 | B22: 10 | C22: 10 | D22: =B22-C22 -> 0 | E22: 4 | F22: =B22-E22 -> 6 | G22: =B22/31 -> 0.32258065 | H22: =C22/31 -> 0.32258065 | I22: =G22-H22 -> 0 | J22: =E22/31 -> 0.12903226 | K22: =G22-J22 -> 0.19354839
A23: Aug-25 | B23: 5 | C23: 5 | D23: =B23-C23 -> 0 | E23: 0 | F23: =B23-E23 -> 5 | G23: =B23/31 -> 0.16129032 | H23: =C23/31 -> 0.16129032 | I23: =G23-H23 -> 0 | J23: =E23/31 -> 0 | K23: =G23-J23 -> 0.16129032
A24: Sep-25 | B24: 0 | C24: 0 | D24: =B24-C24 -> 0 | E24: 10 | F24: =B24-E24 -> -10 | G24: =B24/30 -> 0 | H24: =C24/30 -> 0 | I24: =G24-H24 -> 0 | J24: =E24/30 -> 0.33333333 | K24: =G24-J24 -> -0.33333333
A25: Oct-25 | B25: 0 | C25: 0 | D25: =B25-C25 -> 0 | E25: 2 | F25: =B25-E25 -> -2 | G25: =B25/31 -> 0 | H25: =C25/31 -> 0 | I25: =G25-H25 -> 0 | J25: =E25/31 -> 0.064516129 | K25: =G25-J25 -> -0.064516129
A26: Nov-25 | B26: 2 | C26: 2 | D26: =B26-C26 -> 0 | E26: 0 | F26: =B26-E26 -> 2 | G26: =B26/30 -> 0.066666667 | H26: =C26/30 -> 0.066666667 | I26: =G26-H26 -> 0 | J26: =E26/30 -> 0 | K26: =G26-J26 -> 0.066666667
A27: Dec-25 | B27: 14 | C27: 14 | D27: =B27-C27 -> 0 | E27: 16 | F27: =B27-E27 -> -2 | G27: =B27/31 -> 0.4516129 | H27: =C27/31 -> 0.4516129 | I27: =G27-H27 -> 0 | J27: =E27/31 -> 0.51612903 | K27: =G27-J27 -> -0.064516129
A28: Jan-26 | B28: 1 | C28: 1 | D28: =B28-C28 -> 0 | E28: 7 | F28: =B28-E28 -> -6 | G28: =B28/31 -> 0.032258065 | H28: =C28/31 -> 0.032258065 | I28: =G28-H28 -> 0 | J28: =E28/31 -> 0.22580645 | K28: =G28-J28 -> -0.19354839
A29: Feb-26 | B29: 0 | C29: 0 | D29: =B29-C29 -> 0 | E29: 0 | F29: =B29-E29 -> 0 | G29: =B29/28 -> 0 | H29: =C29/28 -> 0 | I29: =G29-H29 -> 0 | J29: =E29/28 -> 0 | K29: =G29-J29 -> 0
A30: ADR
B31: OTB @ 2 Mar 2026 | C31: OTB @ 13 Feb 2026 | D31: Variance | E31: Previous FY | F31: OTB vs PY
A32: Mar-25 | B32: =B3/B18 -> 7125 | C32: =C3/C18 -> 7125 | D32: =B32-C32 -> 0 | E32: =E3/E18 -> 7873.0657 | F32: =B32-E32 -> -748.06571
A33: Apr-25 | B33: 0 | C33: 0 | D33: =B33-C33 -> 0 | E33: 0 | F33: =B33-E33 -> 0
A34: May-25 | B34: 0 | C34: 0 | D34: =B34-C34 -> 0 | E34: 0 | F34: =B34-E34 -> 0
A35: Jun-25 | B35: =B6/B21 -> 10915.5 | C35: =C6/C21 -> 10915.5 | D35: =B35-C35 -> 0 | E35: =E6/E21 -> 6609.08 | F35: =B35-E35 -> 4306.42
A36: Jul-25 | B36: =B7/B22 -> 4797.802 | C36: =C7/C22 -> 4797.802 | D36: =B36-C36 -> 0 | E36: =E7/E22 -> 0 | F36: =B36-E36 -> 4797.802
A37: Aug-25 | B37: =B8/B23 -> 8290.3 | C37: =C8/C23 -> 8290.3 | D37: =B37-C37 -> 0 | E37: 0 | F37: =B37-E37 -> 8290.3
A38: Sep-25 | B38: 0 | C38: 0 | D38: =B38-C38 -> 0 | E38: =E9/E24 -> 7116.501 | F38: =B38-E38 -> -7116.501
A39: Oct-25 | B39: 0 | C39: 0 | D39: =B39-C39 -> 0 | E39: =E10/E25 -> 0 | F39: =B39-E39 -> 0
A40: Nov-25 | B40: =B11/B26 -> 12880 | C40: =C11/C26 -> 12880 | D40: =B40-C40 -> 0 | E40: 0 | F40: =B40-E40 -> 12880
A41: Dec-25 | B41: =B12/B27 -> 15031.071 | C41: =C12/C27 -> 15031.071 | D41: =B41-C41 -> 0 | E41: =E12/E27 -> 10887.5 | F41: =B41-E41 -> 4143.5714
A42: Jan-26 | B42: =B13/B28 -> 13995.5 | C42: =C13/C28 -> 13995.5 | D42: =B42-C42 -> 0 | E42: =E13/E28 -> 11453.477 | F42: =B42-E42 -> 2542.0229
A43: Feb-26 | B43: 0 | C43: 0 | D43: =B43-C43 -> 0 | E43: 0 | F43: =B43-E43 -> 0

Sheet 2026-7 WP
A1: Willow Point | Financial Year | 2026/27
B2: OTB @ 13 Aug 2026 | C2: OTB @ 30 Jul 2026 | D2: Variance | E2: Last Year Actual | F2: OTB vs LY
A3: Mar-26 | B3: 11594 | C3: 11594 | D3: - | E3: ='2025-6 WP'!B3 -> 14250 | F3: =B3-E3 -> -2656
A4: Apr-26 | B4: 46377.48 | C4: 46377.48 | D4: - | E4: ='2025-6 WP'!B4 -> 0 | F4: =B4-E4 -> 46377.48
A5: May-26 | B5: 0 | C5: 0 | D5: - | E5: ='2025-6 WP'!B5 -> 0 | F5: =B5-E5 -> 0
A6: Jun-26 | B6: 0 | C6: 0 | D6: - | E6: ='2025-6 WP'!B6 -> 32746.5 | F6: =B6-E6 -> -32746.5
A7: Jul-26 | B7: 0 | C7: 0 | D7: =B7-C7 -> 0 | E7: ='2025-6 WP'!B7 -> 47978.02 | F7: =B7-E7 -> -47978.02
A8: Aug-26 | B8: 0 | C8: 0 | D8: =B8-C8 -> 0 | E8: ='2025-6 WP'!B8 -> 41451.5 | F8: =B8-E8 -> -41451.5
A9: Sep-26 | B9: 0 | C9: 0 | D9: =B9-C9 -> 0 | E9: ='2025-6 WP'!B9 -> 0 | F9: =B9-E9 -> 0
A10: Oct-26 | B10: 0 | C10: 0 | D10: =B10-C10 -> 0 | E10: ='2025-6 WP'!B10 -> 0 | F10: =B10-E10 -> 0
A11: Nov-26 | B11: 0 | C11: 0 | D11: =B11-C11 -> 0 | E11: ='2025-6 WP'!B11 -> 25760 | F11: =B11-E11 -> -25760
A12: Dec-26 | B12: 238855 | C12: 238855 | D12: =B12-C12 -> 0 | E12: ='2025-6 WP'!B12 -> 210435 | F12: =B12-E12 -> 28420
A13: Jan-27 | B13: 44400 | C13: 44400 | D13: =B13-C13 -> 0 | E13: ='2025-6 WP'!B13 -> 13995.5 | F13: =B13-E13 -> 30404.5
A14: Feb-27 | B14: 0 | C14: 0 | D14: =B14-C14 -> 0 | E14: ='2025-6 WP'!B14 -> 0 | F14: =B14-E14 -> 0
A15: TOTAL | B15: =SUM(B3:B14) -> 341226.48 | C15: =SUM(C3:C14) -> 341226.48 | D15: =B15-C15 -> 0 | E15: =SUM(E3:E14) -> 386616.52 | F15: =B15-E15 -> -45390.04
A16: Room Nights | G16: Occupancy
B17: OTB @ 13 Aug 2026 | C17: OTB @ 30 Jul 2026 | D17: Variance | E17: Last Year Actual | F17: OTB vs LY | G17: OTB @ 13 Aug 2026 | H17: OTB @ 30 Jul 2026 | I17: Variance | J17: Last Year Actual | K17: OTB vs LY
A18: Mar-26 | B18: 1 | C18: 1 | D18: - | E18: ='2025-6 WP'!B18 -> 2 | F18: =B18-E18 -> -1 | G18: =B18/31 -> 0.032258065 | H18: =C18/31 -> 0.032258065 | I18: - | J18: =E18/31 -> 0.064516129 | K18: =G18-J18 -> -0.032258065
A19: Apr-26 | B19: 4 | C19: 4 | D19: - | E19: ='2025-6 WP'!B19 -> 0 | F19: =B19-E19 -> 4 | G19: =B19/30 -> 0.13333333 | H19: =C19/30 -> 0.13333333 | I19: - | J19: =E19/30 -> 0 | K19: =G19-J19 -> 0.13333333
A20: May-26 | B20: 0 | C20: 0 | D20: - | E20: ='2025-6 WP'!B20 -> 0 | F20: =B20-E20 -> 0 | G20: =B20/31 -> 0 | H20: =C20/31 -> 0 | I20: - | J20: =E20/31 -> 0 | K20: =G20-J20 -> 0
A21: Jun-26 | B21: 0 | C21: 0 | D21: - | E21: ='2025-6 WP'!B21 -> 3 | F21: =B21-E21 -> -3 | G21: =B21/30 -> 0 | H21: =C21/30 -> 0 | I21: - | J21: =E21/30 -> 0.1 | K21: =G21-J21 -> -0.1
A22: Jul-26 | B22: 4 | C22: 4 | D22: =B22-C22 -> 0 | E22: ='2025-6 WP'!B22 -> 10 | F22: =B22-E22 -> -6 | G22: =B22/31 -> 0.12903226 | H22: =C22/31 -> 0.12903226 | I22: =G22-H22 -> 0 | J22: =E22/31 -> 0.32258065 | K22: =G22-J22 -> -0.19354839
A23: Aug-26 | B23: 0 | C23: 0 | D23: =B23-C23 -> 0 | E23: ='2025-6 WP'!B23 -> 5 | F23: =B23-E23 -> -5 | G23: =B23/31 -> 0 | H23: =C23/31 -> 0 | I23: =G23-H23 -> 0 | J23: =E23/31 -> 0.16129032 | K23: =G23-J23 -> -0.16129032
A24: Sep-26 | B24: 0 | C24: 0 | D24: =B24-C24 -> 0 | E24: ='2025-6 WP'!B24 -> 0 | F24: =B24-E24 -> 0 | G24: =B24/30 -> 0 | H24: =C24/30 -> 0 | I24: =G24-H24 -> 0 | J24: =E24/30 -> 0 | K24: =G24-J24 -> 0
A25: Oct-26 | B25: 0 | C25: 0 | D25: =B25-C25 -> 0 | E25: ='2025-6 WP'!B25 -> 0 | F25: =B25-E25 -> 0 | G25: =B25/31 -> 0 | H25: =C25/31 -> 0 | I25: =G25-H25 -> 0 | J25: =E25/31 -> 0 | K25: =G25-J25 -> 0
A26: Nov-26 | B26: 0 | C26: 0 | D26: =B26-C26 -> 0 | E26: ='2025-6 WP'!B26 -> 2 | F26: =B26-E26 -> -2 | G26: =B26/30 -> 0 | H26: =C26/30 -> 0 | I26: =G26-H26 -> 0 | J26: =E26/30 -> 0.066666667 | K26: =G26-J26 -> -0.066666667
A27: Dec-26 | B27: 22 | C27: 22 | D27: =B27-C27 -> 0 | E27: ='2025-6 WP'!B27 -> 14 | F27: =B27-E27 -> 8 | G27: =B27/31 -> 0.70967742 | H27: =C27/31 -> 0.70967742 | I27: =G27-H27 -> 0 | J27: =E27/31 -> 0.4516129 | K27: =G27-J27 -> 0.25806452
A28: Jan-27 | B28: 4 | C28: 4 | D28: =B28-C28 -> 0 | E28: ='2025-6 WP'!B28 -> 1 | F28: =B28-E28 -> 3 | G28: =B28/31 -> 0.12903226 | H28: =C28/31 -> 0.12903226 | I28: =G28-H28 -> 0 | J28: =E28/31 -> 0.032258065 | K28: =G28-J28 -> 0.096774194
A29: Feb-27 | B29: 0 | C29: 0 | D29: =B29-C29 -> 0 | E29: ='2025-6 WP'!B29 -> 0 | F29: =B29-E29 -> 0 | G29: =B29/28 -> 0 | H29: =C29/28 -> 0 | I29: =G29-H29 -> 0 | J29: =E29/28 -> 0 | K29: =G29-J29 -> 0
A30: ADR
B31: OTB @ 13 Aug 2026 | C31: OTB @ 30 Jul 2026 | D31: Variance | E31: Last Year Actual | F31: OTB vs LY
A32: Mar-26 | B32: =B3/B18 -> 11594 | C32: =C3/C18 -> 11594 | D32: - | E32: =E3/E18 -> 7125 | F32: =B32-E32 -> 4469
A33: Apr-26 | B33: =B4/B19 -> 11594.37 | C33: =C4/C19 -> 11594.37 | D33: - | E33: 0 | F33: =B33-E33 -> 11594.37
A34: May-26 | B34: 0 | C34: 0 | D34: - | E34: 0 | F34: =B34-E34 -> 0
A35: Jun-26 | B35: 0 | C35: 0 | D35: - | E35: =E6/E21 -> 10915.5 | F35: =B35-E35 -> -10915.5
A36: Jul-26 | B36: 0 | C36: 0 | D36: =B36-C36 -> 0 | E36: =E7/E22 -> 4797.802 | F36: =B36-E36 -> -4797.802
A37: Aug-26 | B37: 0 | C37: 0 | D37: =B37-C37 -> 0 | E37: =E8/E23 -> 8290.3 | F37: =B37-E37 -> -8290.3
A38: Sep-26 | B38: 0 | C38: 0 | D38: =B38-C38 -> 0 | E38: 0 | F38: =B38-E38 -> 0
A39: Oct-26 | B39: 0 | C39: 0 | D39: =B39-C39 -> 0 | E39: 0 | F39: =B39-E39 -> 0
A40: Nov-26 | B40: 0 | C40: 0 | D40: =B40-C40 -> 0 | E40: =E11/E26 -> 12880 | F40: =B40-E40 -> -12880
A41: Dec-26 | B41: =B12/B27 -> 10857.045 | C41: =C12/C27 -> 10857.045 | D41: =B41-C41 -> 0 | E41: =E12/E27 -> 15031.071 | F41: =B41-E41 -> -4174.026
A42: Jan-27 | B42: =B13/B28 -> 11100 | C42: =C13/C28 -> 11100 | D42: =B42-C42 -> 0 | E42: =E13/E28 -> 13995.5 | F42: =B42-E42 -> -2895.5
A43: Feb-27 | B43: 0 | C43: 0 | D43: =B43-C43 -> 0 | E43: 0 | F43: =B43-E43 -> 0
